id,name,specialty_id,specialty_name,clinic_id,experience_years,rating,symptoms,email
1,BS. Nguyễn Tuấn Hùng,1,Nội tổng quát,1,7,4.7,"Sốt, đau đầu, mệt mỏi, khám sức khỏe định kỳ",bs.c1.s1.1@medibook.vn
2,BS. Nguyễn Văn Hương,2,Tim mạch,1,22,4.0,"Đau ngực, huyết áp, loạn nhịp tim, khó thở",bs.c1.s2.2@medibook.vn
3,BS. Vũ Thanh Tâm,3,Da liễu,1,30,4.0,"Mẩn ngứa, dị ứng, mụn nhọt, rụng tóc",bs.c1.s3.3@medibook.vn
4,BS. Bùi Đức Minh,3,Da liễu,1,13,4.1,"Mẩn ngứa, dị ứng, mụn nhọt, rụng tóc",bs.c1.s3.4@medibook.vn
5,BS. Đỗ Đình Hùng,4,Cơ xương khớp,1,17,4.5,"Đau lưng, đau khớp, thoái hóa, gout",bs.c1.s4.5@medibook.vn
6,BS. Đặng Hoài Hòa,4,Cơ xương khớp,1,9,4.7,"Đau lưng, đau khớp, thoái hóa, gout",bs.c1.s4.6@medibook.vn
7,BS. Lê Hoài Lan,5,Tiêu hóa,1,11,4.5,"Đau dạ dày, tiêu chảy, táo bón, ợ hơi",bs.c1.s5.7@medibook.vn
8,BS. Đỗ Ngọc Hương,5,Tiêu hóa,1,25,4.9,"Đau dạ dày, tiêu chảy, táo bón, ợ hơi",bs.c1.s5.8@medibook.vn
9,BS. Huỳnh Thanh Phương,6,Tai Mũi Họng,1,25,4.6,"Viêm họng, viêm xoang, ù tai, nghẹt mũi",bs.c1.s6.9@medibook.vn
10,BS. Trần Thành Dũng,7,Thần kinh,1,5,4.2,"Đau đầu, chóng mặt, mất ngủ, rối loạn tiền đình",bs.c1.s7.10@medibook.vn
11,BS. Hồ Quỳnh Châu,8,Nhi khoa,1,7,4.2,"Sốt, ho, biếng ăn, tiêm chủng trẻ em",bs.c1.s8.11@medibook.vn
12,BS. Hồ Ngọc Lan,8,Nhi khoa,1,18,4.1,"Sốt, ho, biếng ăn, tiêm chủng trẻ em",bs.c1.s8.12@medibook.vn
13,BS. Huỳnh Thành Bình,9,Sản phụ khoa,1,15,4.4,"Khám thai, rối loạn kinh nguyệt, phụ khoa",bs.c1.s9.13@medibook.vn
14,BS. Nguyễn Hải Trang,10,Nhãn khoa,1,11,4.8,"Cận thị, đục thủy tinh thể, viêm kết mạc",bs.c1.s10.14@medibook.vn
15,BS. Đặng Xuân Cường,10,Nhãn khoa,1,26,4.9,"Cận thị, đục thủy tinh thể, viêm kết mạc",bs.c1.s10.15@medibook.vn
16,BS. Phạm Hoài Hải,11,Ung bướu,1,22,4.2,"Tầm soát ung thư, khối u, xạ trị",bs.c1.s11.16@medibook.vn
17,BS. Bùi Thanh Anh,12,Nam khoa,1,29,4.8,"Rối loạn cương dương, hiếm muộn, viêm nhiễm nam khoa",bs.c1.s12.17@medibook.vn
18,BS. Lê Văn Yến,13,Nha khoa,1,20,4.8,"Sâu răng, nhổ răng, niềng răng, viêm nướu",bs.c1.s13.18@medibook.vn
19,BS. Võ Quang Hòa,14,Thận - Tiết niệu,1,20,4.8,"Sỏi thận, tiểu đêm, viêm đường tiết niệu",bs.c1.s14.19@medibook.vn
20,BS. Đỗ Thanh Oanh,15,Hô hấp,1,10,4.2,"Hen suyễn, viêm phế quản, COPD, ho kéo dài",bs.c1.s15.20@medibook.vn
21,BS. Vũ Đình Lan,15,Hô hấp,1,25,4.6,"Hen suyễn, viêm phế quản, COPD, ho kéo dài",bs.c1.s15.21@medibook.vn
22,BS. Bùi Văn Oanh,16,Chấn thương chỉnh hình,1,24,4.5,"Gãy xương, bong gân, chấn thương thể thao",bs.c1.s16.22@medibook.vn
23,BS. Lý Thành Bình,17,Phục hồi chức năng,1,6,4.7,"Vật lý trị liệu, phục hồi sau tai biến",bs.c1.s17.23@medibook.vn
24,BS. Dương Hoài Tuấn,18,Y học cổ truyền,1,6,4.1,"Châm cứu, bấm huyệt, bốc thuốc nam/bắc",bs.c1.s18.24@medibook.vn
25,BS. Vũ Minh Hương,18,Y học cổ truyền,1,7,4.4,"Châm cứu, bấm huyệt, bốc thuốc nam/bắc",bs.c1.s18.25@medibook.vn
26,BS. Lê Thanh Khang,19,Nội tiết,1,23,5.0,"Tiểu đường, tuyến giáp, rối loạn chuyển hóa",bs.c1.s19.26@medibook.vn
27,BS. Huỳnh Xuân Yến,20,Truyền nhiễm,1,30,4.4,"Sốt xuất huyết, viêm gan, bệnh nhiệt đới",bs.c1.s20.27@medibook.vn
28,BS. Nguyễn Xuân Hùng,21,Dị ứng - Miễn dịch,1,16,4.7,"Dị ứng thời tiết, dị ứng thuốc, lupus",bs.c1.s21.28@medibook.vn
29,BS. Phan Đức Hương,21,Dị ứng - Miễn dịch,1,26,4.5,"Dị ứng thời tiết, dị ứng thuốc, lupus",bs.c1.s21.29@medibook.vn
30,BS. Lý Quang Oanh,22,Dinh dưỡng,1,19,4.1,"Tư vấn chế độ ăn, giảm cân, suy dinh dưỡng",bs.c1.s22.30@medibook.vn
31,BS. Vũ Xuân Trang,1,Nội tổng quát,2,21,4.6,"Sốt, đau đầu, mệt mỏi, khám sức khỏe định kỳ",bs.c2.s1.31@medibook.vn
32,BS. Võ Minh Dũng,2,Tim mạch,2,15,4.1,"Đau ngực, huyết áp, loạn nhịp tim, khó thở",bs.c2.s2.32@medibook.vn
33,BS. Bùi Quỳnh Linh,2,Tim mạch,2,22,5.0,"Đau ngực, huyết áp, loạn nhịp tim, khó thở",bs.c2.s2.33@medibook.vn
34,BS. Võ Hữu Thảo,3,Da liễu,2,14,4.3,"Mẩn ngứa, dị ứng, mụn nhọt, rụng tóc",bs.c2.s3.34@medibook.vn
35,BS. Nguyễn Hải Khang,4,Cơ xương khớp,2,6,4.9,"Đau lưng, đau khớp, thoái hóa, gout",bs.c2.s4.35@medibook.vn
36,BS. Phạm Quỳnh Trang,4,Cơ xương khớp,2,11,4.3,"Đau lưng, đau khớp, thoái hóa, gout",bs.c2.s4.36@medibook.vn
37,BS. Võ Quang Yến,5,Tiêu hóa,2,5,4.6,"Đau dạ dày, tiêu chảy, táo bón, ợ hơi",bs.c2.s5.37@medibook.vn
38,BS. Bùi Thành Minh,6,Tai Mũi Họng,2,8,4.7,"Viêm họng, viêm xoang, ù tai, nghẹt mũi",bs.c2.s6.38@medibook.vn
39,BS. Phạm Văn Minh,7,Thần kinh,2,29,4.4,"Đau đầu, chóng mặt, mất ngủ, rối loạn tiền đình",bs.c2.s7.39@medibook.vn
40,BS. Trần Đức Thảo,8,Nhi khoa,2,9,4.7,"Sốt, ho, biếng ăn, tiêm chủng trẻ em",bs.c2.s8.40@medibook.vn
41,BS. Hoàng Quỳnh Lan,9,Sản phụ khoa,2,28,4.2,"Khám thai, rối loạn kinh nguyệt, phụ khoa",bs.c2.s9.41@medibook.vn
42,BS. Huỳnh Tuấn Dũng,9,Sản phụ khoa,2,24,4.9,"Khám thai, rối loạn kinh nguyệt, phụ khoa",bs.c2.s9.42@medibook.vn
43,BS. Phạm Xuân Tuấn,10,Nhãn khoa,2,9,4.8,"Cận thị, đục thủy tinh thể, viêm kết mạc",bs.c2.s10.43@medibook.vn
44,BS. Vũ Minh Anh,11,Ung bướu,2,15,4.3,"Tầm soát ung thư, khối u, xạ trị",bs.c2.s11.44@medibook.vn
45,BS. Đỗ Hải Oanh,11,Ung bướu,2,29,4.5,"Tầm soát ung thư, khối u, xạ trị",bs.c2.s11.45@medibook.vn
46,BS. Huỳnh Đình Hùng,12,Nam khoa,2,22,4.4,"Rối loạn cương dương, hiếm muộn, viêm nhiễm nam khoa",bs.c2.s12.46@medibook.vn
47,BS. Phạm Xuân Tâm,12,Nam khoa,2,4,4.7,"Rối loạn cương dương, hiếm muộn, viêm nhiễm nam khoa",bs.c2.s12.47@medibook.vn
48,BS. Đỗ Xuân Linh,13,Nha khoa,2,22,4.3,"Sâu răng, nhổ răng, niềng răng, viêm nướu",bs.c2.s13.48@medibook.vn
49,BS. Ngô Ngọc Phương,14,Thận - Tiết niệu,2,7,4.2,"Sỏi thận, tiểu đêm, viêm đường tiết niệu",bs.c2.s14.49@medibook.vn
50,BS. Đặng Xuân Khang,14,Thận - Tiết niệu,2,12,4.2,"Sỏi thận, tiểu đêm, viêm đường tiết niệu",bs.c2.s14.50@medibook.vn
51,BS. Dương Hải Hương,15,Hô hấp,2,28,4.9,"Hen suyễn, viêm phế quản, COPD, ho kéo dài",bs.c2.s15.51@medibook.vn
52,BS. Đặng Quang Hòa,15,Hô hấp,2,29,5.0,"Hen suyễn, viêm phế quản, COPD, ho kéo dài",bs.c2.s15.52@medibook.vn
53,BS. Phan Hữu Anh,16,Chấn thương chỉnh hình,2,18,4.6,"Gãy xương, bong gân, chấn thương thể thao",bs.c2.s16.53@medibook.vn
54,BS. Phan Tuấn Phương,17,Phục hồi chức năng,2,10,4.1,"Vật lý trị liệu, phục hồi sau tai biến",bs.c2.s17.54@medibook.vn
55,BS. Ngô Minh Cường,17,Phục hồi chức năng,2,4,4.6,"Vật lý trị liệu, phục hồi sau tai biến",bs.c2.s17.55@medibook.vn
56,BS. Dương Hải Oanh,18,Y học cổ truyền,2,13,5.0,"Châm cứu, bấm huyệt, bốc thuốc nam/bắc",bs.c2.s18.56@medibook.vn
57,BS. Dương Quỳnh Cường,19,Nội tiết,2,11,4.8,"Tiểu đường, tuyến giáp, rối loạn chuyển hóa",bs.c2.s19.57@medibook.vn
58,BS. Lý Hải Lan,19,Nội tiết,2,5,4.7,"Tiểu đường, tuyến giáp, rối loạn chuyển hóa",bs.c2.s19.58@medibook.vn
59,BS. Bùi Quỳnh Khang,20,Truyền nhiễm,2,7,4.2,"Sốt xuất huyết, viêm gan, bệnh nhiệt đới",bs.c2.s20.59@medibook.vn
60,BS. Lê Xuân Bình,20,Truyền nhiễm,2,17,4.4,"Sốt xuất huyết, viêm gan, bệnh nhiệt đới",bs.c2.s20.60@medibook.vn
61,BS. Nguyễn Hoài Tâm,21,Dị ứng - Miễn dịch,2,3,4.9,"Dị ứng thời tiết, dị ứng thuốc, lupus",bs.c2.s21.61@medibook.vn
62,BS. Ngô Quang Khang,21,Dị ứng - Miễn dịch,2,18,4.2,"Dị ứng thời tiết, dị ứng thuốc, lupus",bs.c2.s21.62@medibook.vn
63,BS. Hồ Ngọc Phương,22,Dinh dưỡng,2,7,5.0,"Tư vấn chế độ ăn, giảm cân, suy dinh dưỡng",bs.c2.s22.63@medibook.vn
64,BS. Lê Hải Bình,1,Nội tổng quát,3,8,4.1,"Sốt, đau đầu, mệt mỏi, khám sức khỏe định kỳ",bs.c3.s1.64@medibook.vn
65,BS. Dương Ngọc Dũng,2,Tim mạch,3,27,5.0,"Đau ngực, huyết áp, loạn nhịp tim, khó thở",bs.c3.s2.65@medibook.vn
66,BS. Lý Thị Khang,3,Da liễu,3,10,4.7,"Mẩn ngứa, dị ứng, mụn nhọt, rụng tóc",bs.c3.s3.66@medibook.vn
67,BS. Phan Hoài Anh,4,Cơ xương khớp,3,10,4.1,"Đau lưng, đau khớp, thoái hóa, gout",bs.c3.s4.67@medibook.vn
68,BS. Võ Thành Thảo,5,Tiêu hóa,3,22,5.0,"Đau dạ dày, tiêu chảy, táo bón, ợ hơi",bs.c3.s5.68@medibook.vn
69,BS. Đặng Văn Tâm,5,Tiêu hóa,3,21,4.7,"Đau dạ dày, tiêu chảy, táo bón, ợ hơi",bs.c3.s5.69@medibook.vn
70,BS. Lê Đình Lan,6,Tai Mũi Họng,3,27,4.3,"Viêm họng, viêm xoang, ù tai, nghẹt mũi",bs.c3.s6.70@medibook.vn
71,BS. Ngô Hải Thảo,7,Thần kinh,3,23,4.3,"Đau đầu, chóng mặt, mất ngủ, rối loạn tiền đình",bs.c3.s7.71@medibook.vn
72,BS. Phạm Xuân Thảo,7,Thần kinh,3,17,4.7,"Đau đầu, chóng mặt, mất ngủ, rối loạn tiền đình",bs.c3.s7.72@medibook.vn
73,BS. Lý Thanh Bình,8,Nhi khoa,3,13,4.9,"Sốt, ho, biếng ăn, tiêm chủng trẻ em",bs.c3.s8.73@medibook.vn
74,BS. Dương Minh Châu,8,Nhi khoa,3,24,4.4,"Sốt, ho, biếng ăn, tiêm chủng trẻ em",bs.c3.s8.74@medibook.vn
75,BS. Huỳnh Thanh Hương,9,Sản phụ khoa,3,11,4.3,"Khám thai, rối loạn kinh nguyệt, phụ khoa",bs.c3.s9.75@medibook.vn
76,BS. Nguyễn Quang Hương,9,Sản phụ khoa,3,26,4.4,"Khám thai, rối loạn kinh nguyệt, phụ khoa",bs.c3.s9.76@medibook.vn
77,BS. Dương Thành Anh,10,Nhãn khoa,3,10,4.4,"Cận thị, đục thủy tinh thể, viêm kết mạc",bs.c3.s10.77@medibook.vn
78,BS. Đỗ Thanh Khang,10,Nhãn khoa,3,16,5.0,"Cận thị, đục thủy tinh thể, viêm kết mạc",bs.c3.s10.78@medibook.vn
79,BS. Võ Đức Hùng,11,Ung bướu,3,26,4.2,"Tầm soát ung thư, khối u, xạ trị",bs.c3.s11.79@medibook.vn
80,BS. Huỳnh Minh Hương,11,Ung bướu,3,26,4.6,"Tầm soát ung thư, khối u, xạ trị",bs.c3.s11.80@medibook.vn
81,BS. Đặng Minh Thảo,12,Nam khoa,3,3,4.7,"Rối loạn cương dương, hiếm muộn, viêm nhiễm nam khoa",bs.c3.s12.81@medibook.vn
82,BS. Trần Quang Hải,13,Nha khoa,3,30,4.8,"Sâu răng, nhổ răng, niềng răng, viêm nướu",bs.c3.s13.82@medibook.vn
83,BS. Lý Thanh Châu,14,Thận - Tiết niệu,3,4,4.3,"Sỏi thận, tiểu đêm, viêm đường tiết niệu",bs.c3.s14.83@medibook.vn
84,BS. Lê Xuân Yến,14,Thận - Tiết niệu,3,23,4.7,"Sỏi thận, tiểu đêm, viêm đường tiết niệu",bs.c3.s14.84@medibook.vn
85,BS. Lê Minh Trang,15,Hô hấp,3,16,4.6,"Hen suyễn, viêm phế quản, COPD, ho kéo dài",bs.c3.s15.85@medibook.vn
86,BS. Hồ Thanh Châu,15,Hô hấp,3,16,4.3,"Hen suyễn, viêm phế quản, COPD, ho kéo dài",bs.c3.s15.86@medibook.vn
87,BS. Phan Đức Linh,16,Chấn thương chỉnh hình,3,8,4.6,"Gãy xương, bong gân, chấn thương thể thao",bs.c3.s16.87@medibook.vn
88,BS. Dương Tuấn Hòa,17,Phục hồi chức năng,3,4,4.2,"Vật lý trị liệu, phục hồi sau tai biến",bs.c3.s17.88@medibook.vn
89,BS. Lê Hải Lan,17,Phục hồi chức năng,3,28,4.6,"Vật lý trị liệu, phục hồi sau tai biến",bs.c3.s17.89@medibook.vn
90,BS. Vũ Hải Minh,18,Y học cổ truyền,3,7,4.1,"Châm cứu, bấm huyệt, bốc thuốc nam/bắc",bs.c3.s18.90@medibook.vn
91,BS. Dương Văn Châu,19,Nội tiết,3,15,4.9,"Tiểu đường, tuyến giáp, rối loạn chuyển hóa",bs.c3.s19.91@medibook.vn
92,BS. Lê Đình Tuấn,19,Nội tiết,3,13,4.6,"Tiểu đường, tuyến giáp, rối loạn chuyển hóa",bs.c3.s19.92@medibook.vn
93,BS. Nguyễn Thành Hùng,20,Truyền nhiễm,3,27,4.8,"Sốt xuất huyết, viêm gan, bệnh nhiệt đới",bs.c3.s20.93@medibook.vn
94,BS. Võ Hữu Tâm,21,Dị ứng - Miễn dịch,3,29,4.5,"Dị ứng thời tiết, dị ứng thuốc, lupus",bs.c3.s21.94@medibook.vn
95,BS. Đỗ Xuân Dũng,21,Dị ứng - Miễn dịch,3,6,4.9,"Dị ứng thời tiết, dị ứng thuốc, lupus",bs.c3.s21.95@medibook.vn
96,BS. Đặng Hải Phương,22,Dinh dưỡng,3,17,4.1,"Tư vấn chế độ ăn, giảm cân, suy dinh dưỡng",bs.c3.s22.96@medibook.vn
97,BS. Phạm Thành Phương,22,Dinh dưỡng,3,3,4.7,"Tư vấn chế độ ăn, giảm cân, suy dinh dưỡng",bs.c3.s22.97@medibook.vn
98,BS. Phan Quang Thảo,1,Nội tổng quát,4,18,4.6,"Sốt, đau đầu, mệt mỏi, khám sức khỏe định kỳ",bs.c4.s1.98@medibook.vn
99,BS. Hoàng Quỳnh Hải,2,Tim mạch,4,18,4.1,"Đau ngực, huyết áp, loạn nhịp tim, khó thở",bs.c4.s2.99@medibook.vn
100,BS. Đặng Quang Anh,2,Tim mạch,4,5,4.2,"Đau ngực, huyết áp, loạn nhịp tim, khó thở",bs.c4.s2.100@medibook.vn
101,BS. Hoàng Thanh Hải,3,Da liễu,4,11,4.4,"Mẩn ngứa, dị ứng, mụn nhọt, rụng tóc",bs.c4.s3.101@medibook.vn
102,BS. Dương Quang Minh,4,Cơ xương khớp,4,22,4.5,"Đau lưng, đau khớp, thoái hóa, gout",bs.c4.s4.102@medibook.vn
103,BS. Ngô Ngọc Oanh,5,Tiêu hóa,4,3,4.3,"Đau dạ dày, tiêu chảy, táo bón, ợ hơi",bs.c4.s5.103@medibook.vn
104,BS. Hoàng Thanh Khang,5,Tiêu hóa,4,13,4.6,"Đau dạ dày, tiêu chảy, táo bón, ợ hơi",bs.c4.s5.104@medibook.vn
105,BS. Phan Tuấn Lan,6,Tai Mũi Họng,4,10,4.9,"Viêm họng, viêm xoang, ù tai, nghẹt mũi",bs.c4.s6.105@medibook.vn
106,BS. Bùi Tuấn Yến,6,Tai Mũi Họng,4,24,4.8,"Viêm họng, viêm xoang, ù tai, nghẹt mũi",bs.c4.s6.106@medibook.vn
107,BS. Hoàng Quang Tâm,7,Thần kinh,4,30,4.8,"Đau đầu, chóng mặt, mất ngủ, rối loạn tiền đình",bs.c4.s7.107@medibook.vn
108,BS. Nguyễn Tuấn Minh,8,Nhi khoa,4,7,4.1,"Sốt, ho, biếng ăn, tiêm chủng trẻ em",bs.c4.s8.108@medibook.vn
109,BS. Hồ Hải Linh,8,Nhi khoa,4,30,4.5,"Sốt, ho, biếng ăn, tiêm chủng trẻ em",bs.c4.s8.109@medibook.vn
110,BS. Lê Minh Hải,9,Sản phụ khoa,4,5,4.4,"Khám thai, rối loạn kinh nguyệt, phụ khoa",bs.c4.s9.110@medibook.vn
111,BS. Huỳnh Tuấn Hải,10,Nhãn khoa,4,13,4.8,"Cận thị, đục thủy tinh thể, viêm kết mạc",bs.c4.s10.111@medibook.vn
112,BS. Đỗ Xuân Minh,10,Nhãn khoa,4,16,4.6,"Cận thị, đục thủy tinh thể, viêm kết mạc",bs.c4.s10.112@medibook.vn
113,BS. Lê Đình Phương,11,Ung bướu,4,10,4.5,"Tầm soát ung thư, khối u, xạ trị",bs.c4.s11.113@medibook.vn
114,BS. Võ Thanh Hùng,12,Nam khoa,4,28,4.5,"Rối loạn cương dương, hiếm muộn, viêm nhiễm nam khoa",bs.c4.s12.114@medibook.vn
115,BS. Huỳnh Văn Châu,12,Nam khoa,4,12,4.6,"Rối loạn cương dương, hiếm muộn, viêm nhiễm nam khoa",bs.c4.s12.115@medibook.vn
116,BS. Đặng Minh Phương,13,Nha khoa,4,10,4.4,"Sâu răng, nhổ răng, niềng răng, viêm nướu",bs.c4.s13.116@medibook.vn
117,BS. Đặng Thị Phương,13,Nha khoa,4,21,4.9,"Sâu răng, nhổ răng, niềng răng, viêm nướu",bs.c4.s13.117@medibook.vn
118,BS. Vũ Đình Thảo,14,Thận - Tiết niệu,4,9,4.6,"Sỏi thận, tiểu đêm, viêm đường tiết niệu",bs.c4.s14.118@medibook.vn
119,BS. Trần Đức Châu,14,Thận - Tiết niệu,4,14,4.7,"Sỏi thận, tiểu đêm, viêm đường tiết niệu",bs.c4.s14.119@medibook.vn
120,BS. Ngô Hữu Hương,15,Hô hấp,4,20,4.9,"Hen suyễn, viêm phế quản, COPD, ho kéo dài",bs.c4.s15.120@medibook.vn
121,BS. Võ Hoài Cường,15,Hô hấp,4,18,5.0,"Hen suyễn, viêm phế quản, COPD, ho kéo dài",bs.c4.s15.121@medibook.vn
122,BS. Dương Văn Minh,16,Chấn thương chỉnh hình,4,26,4.7,"Gãy xương, bong gân, chấn thương thể thao",bs.c4.s16.122@medibook.vn
123,BS. Lê Thành Phương,17,Phục hồi chức năng,4,20,4.1,"Vật lý trị liệu, phục hồi sau tai biến",bs.c4.s17.123@medibook.vn
124,BS. Hồ Hoài Thảo,17,Phục hồi chức năng,4,10,4.5,"Vật lý trị liệu, phục hồi sau tai biến",bs.c4.s17.124@medibook.vn
125,BS. Dương Quỳnh Hải,18,Y học cổ truyền,4,6,4.1,"Châm cứu, bấm huyệt, bốc thuốc nam/bắc",bs.c4.s18.125@medibook.vn
126,BS. Phạm Văn Lan,19,Nội tiết,4,15,4.5,"Tiểu đường, tuyến giáp, rối loạn chuyển hóa",bs.c4.s19.126@medibook.vn
127,BS. Ngô Hải Trang,19,Nội tiết,4,16,4.9,"Tiểu đường, tuyến giáp, rối loạn chuyển hóa",bs.c4.s19.127@medibook.vn
128,BS. Phan Thanh Châu,20,Truyền nhiễm,4,6,5.0,"Sốt xuất huyết, viêm gan, bệnh nhiệt đới",bs.c4.s20.128@medibook.vn
129,BS. Đỗ Thị Phương,20,Truyền nhiễm,4,6,4.9,"Sốt xuất huyết, viêm gan, bệnh nhiệt đới",bs.c4.s20.129@medibook.vn
130,BS. Nguyễn Thị Dũng,21,Dị ứng - Miễn dịch,4,28,4.6,"Dị ứng thời tiết, dị ứng thuốc, lupus",bs.c4.s21.130@medibook.vn
131,BS. Phan Hoài Lan,22,Dinh dưỡng,4,7,4.8,"Tư vấn chế độ ăn, giảm cân, suy dinh dưỡng",bs.c4.s22.131@medibook.vn
132,BS. Hoàng Quang Hùng,8,Nhi khoa,5,24,4.9,"Sốt, ho, biếng ăn, tiêm chủng trẻ em",bs.c5.s8.132@medibook.vn
133,BS. Vũ Đình Dũng,9,Sản phụ khoa,5,11,4.1,"Khám thai, rối loạn kinh nguyệt, phụ khoa",bs.c5.s9.133@medibook.vn
134,BS. Phạm Tuấn Linh,9,Sản phụ khoa,5,27,4.4,"Khám thai, rối loạn kinh nguyệt, phụ khoa",bs.c5.s9.134@medibook.vn
135,BS. Trần Tuấn Oanh,1,Nội tổng quát,6,23,5.0,"Sốt, đau đầu, mệt mỏi, khám sức khỏe định kỳ",bs.c6.s1.135@medibook.vn
136,BS. Ngô Hải Trang,2,Tim mạch,6,17,4.1,"Đau ngực, huyết áp, loạn nhịp tim, khó thở",bs.c6.s2.136@medibook.vn
137,BS. Hoàng Văn Minh,2,Tim mạch,6,23,4.6,"Đau ngực, huyết áp, loạn nhịp tim, khó thở",bs.c6.s2.137@medibook.vn
138,BS. Dương Quang Hòa,3,Da liễu,6,28,4.7,"Mẩn ngứa, dị ứng, mụn nhọt, rụng tóc",bs.c6.s3.138@medibook.vn
139,BS. Dương Quỳnh Lan,3,Da liễu,6,29,4.5,"Mẩn ngứa, dị ứng, mụn nhọt, rụng tóc",bs.c6.s3.139@medibook.vn
140,BS. Ngô Ngọc Hùng,4,Cơ xương khớp,6,24,4.9,"Đau lưng, đau khớp, thoái hóa, gout",bs.c6.s4.140@medibook.vn
141,BS. Lê Văn Bình,4,Cơ xương khớp,6,26,4.4,"Đau lưng, đau khớp, thoái hóa, gout",bs.c6.s4.141@medibook.vn
142,BS. Bùi Hải Trang,5,Tiêu hóa,6,30,4.7,"Đau dạ dày, tiêu chảy, táo bón, ợ hơi",bs.c6.s5.142@medibook.vn
143,BS. Đặng Ngọc Trang,6,Tai Mũi Họng,6,9,4.2,"Viêm họng, viêm xoang, ù tai, nghẹt mũi",bs.c6.s6.143@medibook.vn
144,BS. Phạm Ngọc Khang,6,Tai Mũi Họng,6,27,4.3,"Viêm họng, viêm xoang, ù tai, nghẹt mũi",bs.c6.s6.144@medibook.vn
145,BS. Võ Thị Cường,7,Thần kinh,6,27,4.3,"Đau đầu, chóng mặt, mất ngủ, rối loạn tiền đình",bs.c6.s7.145@medibook.vn
146,BS. Huỳnh Hoài Minh,8,Nhi khoa,6,15,4.1,"Sốt, ho, biếng ăn, tiêm chủng trẻ em",bs.c6.s8.146@medibook.vn
147,BS. Hồ Xuân Châu,9,Sản phụ khoa,6,14,4.3,"Khám thai, rối loạn kinh nguyệt, phụ khoa",bs.c6.s9.147@medibook.vn
148,BS. Hoàng Hữu Hòa,10,Nhãn khoa,6,5,4.3,"Cận thị, đục thủy tinh thể, viêm kết mạc",bs.c6.s10.148@medibook.vn
149,BS. Ngô Đức Hương,11,Ung bướu,6,14,4.4,"Tầm soát ung thư, khối u, xạ trị",bs.c6.s11.149@medibook.vn
150,BS. Đặng Thị Lan,11,Ung bướu,6,4,4.0,"Tầm soát ung thư, khối u, xạ trị",bs.c6.s11.150@medibook.vn
151,BS. Võ Đức Dũng,12,Nam khoa,6,18,4.7,"Rối loạn cương dương, hiếm muộn, viêm nhiễm nam khoa",bs.c6.s12.151@medibook.vn
152,BS. Vũ Quang Khang,13,Nha khoa,6,14,4.1,"Sâu răng, nhổ răng, niềng răng, viêm nướu",bs.c6.s13.152@medibook.vn
153,BS. Nguyễn Thanh Linh,13,Nha khoa,6,16,4.6,"Sâu răng, nhổ răng, niềng răng, viêm nướu",bs.c6.s13.153@medibook.vn
154,BS. Hồ Thị Dũng,14,Thận - Tiết niệu,6,22,4.5,"Sỏi thận, tiểu đêm, viêm đường tiết niệu",bs.c6.s14.154@medibook.vn
155,BS. Phạm Minh Bình,15,Hô hấp,6,19,4.1,"Hen suyễn, viêm phế quản, COPD, ho kéo dài",bs.c6.s15.155@medibook.vn
156,BS. Vũ Ngọc Cường,15,Hô hấp,6,23,4.1,"Hen suyễn, viêm phế quản, COPD, ho kéo dài",bs.c6.s15.156@medibook.vn
157,BS. Hoàng Minh Trang,16,Chấn thương chỉnh hình,6,9,4.2,"Gãy xương, bong gân, chấn thương thể thao",bs.c6.s16.157@medibook.vn
158,BS. Huỳnh Thành Yến,16,Chấn thương chỉnh hình,6,21,4.8,"Gãy xương, bong gân, chấn thương thể thao",bs.c6.s16.158@medibook.vn
159,BS. Hoàng Thanh Linh,17,Phục hồi chức năng,6,23,4.3,"Vật lý trị liệu, phục hồi sau tai biến",bs.c6.s17.159@medibook.vn
160,BS. Đỗ Quang Linh,17,Phục hồi chức năng,6,17,4.0,"Vật lý trị liệu, phục hồi sau tai biến",bs.c6.s17.160@medibook.vn
161,BS. Lê Đình Hòa,18,Y học cổ truyền,6,17,4.6,"Châm cứu, bấm huyệt, bốc thuốc nam/bắc",bs.c6.s18.161@medibook.vn
162,BS. Bùi Đình Yến,19,Nội tiết,6,4,4.5,"Tiểu đường, tuyến giáp, rối loạn chuyển hóa",bs.c6.s19.162@medibook.vn
163,BS. Trần Minh Châu,20,Truyền nhiễm,6,19,4.6,"Sốt xuất huyết, viêm gan, bệnh nhiệt đới",bs.c6.s20.163@medibook.vn
164,BS. Hồ Xuân Dũng,21,Dị ứng - Miễn dịch,6,28,4.6,"Dị ứng thời tiết, dị ứng thuốc, lupus",bs.c6.s21.164@medibook.vn
165,BS. Bùi Văn Khang,21,Dị ứng - Miễn dịch,6,11,4.7,"Dị ứng thời tiết, dị ứng thuốc, lupus",bs.c6.s21.165@medibook.vn
166,BS. Hoàng Quỳnh Thảo,22,Dinh dưỡng,6,25,4.7,"Tư vấn chế độ ăn, giảm cân, suy dinh dưỡng",bs.c6.s22.166@medibook.vn
167,BS. Hồ Hải Dũng,1,Nội tổng quát,7,25,4.8,"Sốt, đau đầu, mệt mỏi, khám sức khỏe định kỳ",bs.c7.s1.167@medibook.vn
168,BS. Đỗ Thị Thảo,1,Nội tổng quát,7,9,4.3,"Sốt, đau đầu, mệt mỏi, khám sức khỏe định kỳ",bs.c7.s1.168@medibook.vn
169,BS. Hoàng Hữu Linh,2,Tim mạch,7,6,4.5,"Đau ngực, huyết áp, loạn nhịp tim, khó thở",bs.c7.s2.169@medibook.vn
170,BS. Hồ Hữu Cường,3,Da liễu,7,25,4.8,"Mẩn ngứa, dị ứng, mụn nhọt, rụng tóc",bs.c7.s3.170@medibook.vn
171,BS. Ngô Ngọc Lan,4,Cơ xương khớp,7,12,4.8,"Đau lưng, đau khớp, thoái hóa, gout",bs.c7.s4.171@medibook.vn
172,BS. Đặng Thành Yến,5,Tiêu hóa,7,24,4.9,"Đau dạ dày, tiêu chảy, táo bón, ợ hơi",bs.c7.s5.172@medibook.vn
173,BS. Hồ Quang Oanh,6,Tai Mũi Họng,7,29,4.2,"Viêm họng, viêm xoang, ù tai, nghẹt mũi",bs.c7.s6.173@medibook.vn
174,BS. Trần Hải Yến,6,Tai Mũi Họng,7,6,4.7,"Viêm họng, viêm xoang, ù tai, nghẹt mũi",bs.c7.s6.174@medibook.vn
175,BS. Huỳnh Đức Châu,7,Thần kinh,7,29,4.4,"Đau đầu, chóng mặt, mất ngủ, rối loạn tiền đình",bs.c7.s7.175@medibook.vn
176,BS. Nguyễn Xuân Tuấn,8,Nhi khoa,7,14,4.2,"Sốt, ho, biếng ăn, tiêm chủng trẻ em",bs.c7.s8.176@medibook.vn
177,BS. Vũ Thị Dũng,8,Nhi khoa,7,23,4.3,"Sốt, ho, biếng ăn, tiêm chủng trẻ em",bs.c7.s8.177@medibook.vn
178,BS. Đặng Quỳnh Yến,9,Sản phụ khoa,7,25,4.5,"Khám thai, rối loạn kinh nguyệt, phụ khoa",bs.c7.s9.178@medibook.vn
179,BS. Võ Minh Minh,10,Nhãn khoa,7,22,4.5,"Cận thị, đục thủy tinh thể, viêm kết mạc",bs.c7.s10.179@medibook.vn
180,BS. Đặng Văn Tuấn,11,Ung bướu,7,23,4.8,"Tầm soát ung thư, khối u, xạ trị",bs.c7.s11.180@medibook.vn
181,BS. Lý Đình Khang,12,Nam khoa,7,19,4.6,"Rối loạn cương dương, hiếm muộn, viêm nhiễm nam khoa",bs.c7.s12.181@medibook.vn
182,BS. Nguyễn Đình Thảo,13,Nha khoa,7,16,4.2,"Sâu răng, nhổ răng, niềng răng, viêm nướu",bs.c7.s13.182@medibook.vn
183,BS. Đỗ Văn Oanh,13,Nha khoa,7,28,5.0,"Sâu răng, nhổ răng, niềng răng, viêm nướu",bs.c7.s13.183@medibook.vn
184,BS. Trần Hải Phương,14,Thận - Tiết niệu,7,26,4.0,"Sỏi thận, tiểu đêm, viêm đường tiết niệu",bs.c7.s14.184@medibook.vn
185,BS. Vũ Tuấn Trang,14,Thận - Tiết niệu,7,27,4.3,"Sỏi thận, tiểu đêm, viêm đường tiết niệu",bs.c7.s14.185@medibook.vn
186,BS. Huỳnh Hoài Châu,15,Hô hấp,7,8,4.8,"Hen suyễn, viêm phế quản, COPD, ho kéo dài",bs.c7.s15.186@medibook.vn
187,BS. Trần Đức Hương,15,Hô hấp,7,9,4.9,"Hen suyễn, viêm phế quản, COPD, ho kéo dài",bs.c7.s15.187@medibook.vn
188,BS. Lý Đức Tuấn,16,Chấn thương chỉnh hình,7,12,4.4,"Gãy xương, bong gân, chấn thương thể thao",bs.c7.s16.188@medibook.vn
189,BS. Võ Văn Thảo,16,Chấn thương chỉnh hình,7,26,4.4,"Gãy xương, bong gân, chấn thương thể thao",bs.c7.s16.189@medibook.vn
190,BS. Lý Tuấn Yến,17,Phục hồi chức năng,7,19,4.3,"Vật lý trị liệu, phục hồi sau tai biến",bs.c7.s17.190@medibook.vn
191,BS. Ngô Đình Cường,18,Y học cổ truyền,7,13,4.1,"Châm cứu, bấm huyệt, bốc thuốc nam/bắc",bs.c7.s18.191@medibook.vn
192,BS. Dương Đình Bình,19,Nội tiết,7,17,4.4,"Tiểu đường, tuyến giáp, rối loạn chuyển hóa",bs.c7.s19.192@medibook.vn
193,BS. Ngô Đức Tuấn,19,Nội tiết,7,23,4.4,"Tiểu đường, tuyến giáp, rối loạn chuyển hóa",bs.c7.s19.193@medibook.vn
194,BS. Dương Thị Minh,20,Truyền nhiễm,7,27,4.6,"Sốt xuất huyết, viêm gan, bệnh nhiệt đới",bs.c7.s20.194@medibook.vn
195,BS. Hoàng Hải Châu,21,Dị ứng - Miễn dịch,7,17,4.8,"Dị ứng thời tiết, dị ứng thuốc, lupus",bs.c7.s21.195@medibook.vn
196,BS. Hồ Ngọc Hùng,22,Dinh dưỡng,7,3,4.7,"Tư vấn chế độ ăn, giảm cân, suy dinh dưỡng",bs.c7.s22.196@medibook.vn
197,BS. Hồ Quỳnh Khang,22,Dinh dưỡng,7,27,4.3,"Tư vấn chế độ ăn, giảm cân, suy dinh dưỡng",bs.c7.s22.197@medibook.vn
198,BS. Lý Minh Trang,1,Nội tổng quát,8,17,4.2,"Sốt, đau đầu, mệt mỏi, khám sức khỏe định kỳ",bs.c8.s1.198@medibook.vn
199,BS. Bùi Hải Thảo,1,Nội tổng quát,8,20,4.3,"Sốt, đau đầu, mệt mỏi, khám sức khỏe định kỳ",bs.c8.s1.199@medibook.vn
200,BS. Đỗ Quang Lan,2,Tim mạch,8,28,4.1,"Đau ngực, huyết áp, loạn nhịp tim, khó thở",bs.c8.s2.200@medibook.vn
201,BS. Đỗ Thanh Khang,3,Da liễu,8,5,4.1,"Mẩn ngứa, dị ứng, mụn nhọt, rụng tóc",bs.c8.s3.201@medibook.vn
202,BS. Ngô Thành Bình,3,Da liễu,8,7,5.0,"Mẩn ngứa, dị ứng, mụn nhọt, rụng tóc",bs.c8.s3.202@medibook.vn
203,BS. Đỗ Hữu Khang,4,Cơ xương khớp,8,8,4.8,"Đau lưng, đau khớp, thoái hóa, gout",bs.c8.s4.203@medibook.vn
204,BS. Trần Hoài Trang,4,Cơ xương khớp,8,12,4.2,"Đau lưng, đau khớp, thoái hóa, gout",bs.c8.s4.204@medibook.vn
205,BS. Đặng Hoài Linh,5,Tiêu hóa,8,23,5.0,"Đau dạ dày, tiêu chảy, táo bón, ợ hơi",bs.c8.s5.205@medibook.vn
206,BS. Đặng Đình Khang,5,Tiêu hóa,8,23,4.2,"Đau dạ dày, tiêu chảy, táo bón, ợ hơi",bs.c8.s5.206@medibook.vn
207,BS. Trần Hoài Anh,6,Tai Mũi Họng,8,23,4.8,"Viêm họng, viêm xoang, ù tai, nghẹt mũi",bs.c8.s6.207@medibook.vn
208,BS. Ngô Đình Anh,6,Tai Mũi Họng,8,20,4.3,"Viêm họng, viêm xoang, ù tai, nghẹt mũi",bs.c8.s6.208@medibook.vn
209,BS. Hồ Đức Châu,7,Thần kinh,8,4,4.2,"Đau đầu, chóng mặt, mất ngủ, rối loạn tiền đình",bs.c8.s7.209@medibook.vn
210,BS. Phan Ngọc Hòa,8,Nhi khoa,8,30,4.7,"Sốt, ho, biếng ăn, tiêm chủng trẻ em",bs.c8.s8.210@medibook.vn
211,BS. Hoàng Thành Thảo,8,Nhi khoa,8,6,4.3,"Sốt, ho, biếng ăn, tiêm chủng trẻ em",bs.c8.s8.211@medibook.vn
212,BS. Dương Minh Minh,9,Sản phụ khoa,8,12,4.9,"Khám thai, rối loạn kinh nguyệt, phụ khoa",bs.c8.s9.212@medibook.vn
213,BS. Huỳnh Hoài Dũng,9,Sản phụ khoa,8,13,4.2,"Khám thai, rối loạn kinh nguyệt, phụ khoa",bs.c8.s9.213@medibook.vn
214,BS. Lý Quỳnh Hải,10,Nhãn khoa,8,5,4.9,"Cận thị, đục thủy tinh thể, viêm kết mạc",bs.c8.s10.214@medibook.vn
215,BS. Phan Đình Thảo,10,Nhãn khoa,8,12,4.5,"Cận thị, đục thủy tinh thể, viêm kết mạc",bs.c8.s10.215@medibook.vn
216,BS. Phạm Xuân Minh,11,Ung bướu,8,14,4.8,"Tầm soát ung thư, khối u, xạ trị",bs.c8.s11.216@medibook.vn
217,BS. Trần Đình Khang,12,Nam khoa,8,20,4.3,"Rối loạn cương dương, hiếm muộn, viêm nhiễm nam khoa",bs.c8.s12.217@medibook.vn
218,BS. Dương Thành Khang,12,Nam khoa,8,22,4.7,"Rối loạn cương dương, hiếm muộn, viêm nhiễm nam khoa",bs.c8.s12.218@medibook.vn
219,BS. Hồ Ngọc Dũng,13,Nha khoa,8,27,4.1,"Sâu răng, nhổ răng, niềng răng, viêm nướu",bs.c8.s13.219@medibook.vn
220,BS. Trần Thị Minh,14,Thận - Tiết niệu,8,18,4.5,"Sỏi thận, tiểu đêm, viêm đường tiết niệu",bs.c8.s14.220@medibook.vn
221,BS. Bùi Quỳnh Hòa,15,Hô hấp,8,15,5.0,"Hen suyễn, viêm phế quản, COPD, ho kéo dài",bs.c8.s15.221@medibook.vn
222,BS. Đặng Thanh Anh,16,Chấn thương chỉnh hình,8,24,4.1,"Gãy xương, bong gân, chấn thương thể thao",bs.c8.s16.222@medibook.vn
223,BS. Nguyễn Đình Yến,16,Chấn thương chỉnh hình,8,28,5.0,"Gãy xương, bong gân, chấn thương thể thao",bs.c8.s16.223@medibook.vn
224,BS. Huỳnh Quang Hòa,17,Phục hồi chức năng,8,29,4.7,"Vật lý trị liệu, phục hồi sau tai biến",bs.c8.s17.224@medibook.vn
225,BS. Phan Thị Châu,17,Phục hồi chức năng,8,7,4.4,"Vật lý trị liệu, phục hồi sau tai biến",bs.c8.s17.225@medibook.vn
226,BS. Trần Tuấn Minh,18,Y học cổ truyền,8,20,4.3,"Châm cứu, bấm huyệt, bốc thuốc nam/bắc",bs.c8.s18.226@medibook.vn
227,BS. Hồ Ngọc Cường,18,Y học cổ truyền,8,13,4.5,"Châm cứu, bấm huyệt, bốc thuốc nam/bắc",bs.c8.s18.227@medibook.vn
228,BS. Vũ Đức Khang,19,Nội tiết,8,12,4.8,"Tiểu đường, tuyến giáp, rối loạn chuyển hóa",bs.c8.s19.228@medibook.vn
229,BS. Lý Ngọc Khang,20,Truyền nhiễm,8,6,4.6,"Sốt xuất huyết, viêm gan, bệnh nhiệt đới",bs.c8.s20.229@medibook.vn
230,BS. Đỗ Thành Minh,20,Truyền nhiễm,8,12,5.0,"Sốt xuất huyết, viêm gan, bệnh nhiệt đới",bs.c8.s20.230@medibook.vn
231,BS. Võ Tuấn Yến,21,Dị ứng - Miễn dịch,8,29,4.5,"Dị ứng thời tiết, dị ứng thuốc, lupus",bs.c8.s21.231@medibook.vn
232,BS. Phạm Đình Tâm,21,Dị ứng - Miễn dịch,8,4,4.7,"Dị ứng thời tiết, dị ứng thuốc, lupus",bs.c8.s21.232@medibook.vn
233,BS. Phạm Xuân Dũng,22,Dinh dưỡng,8,24,4.8,"Tư vấn chế độ ăn, giảm cân, suy dinh dưỡng",bs.c8.s22.233@medibook.vn
234,BS. Ngô Hải Yến,9,Sản phụ khoa,9,9,4.8,"Khám thai, rối loạn kinh nguyệt, phụ khoa",bs.c9.s9.234@medibook.vn
235,BS. Trần Quỳnh Linh,10,Nhãn khoa,9,10,4.5,"Cận thị, đục thủy tinh thể, viêm kết mạc",bs.c9.s10.235@medibook.vn
236,BS. Ngô Quỳnh Cường,10,Nhãn khoa,9,15,4.8,"Cận thị, đục thủy tinh thể, viêm kết mạc",bs.c9.s10.236@medibook.vn
237,BS. Nguyễn Đức Tâm,11,Ung bướu,9,13,4.3,"Tầm soát ung thư, khối u, xạ trị",bs.c9.s11.237@medibook.vn
238,BS. Võ Minh Trang,9,Sản phụ khoa,10,26,4.5,"Khám thai, rối loạn kinh nguyệt, phụ khoa",bs.c10.s9.238@medibook.vn
239,BS. Nguyễn Tuấn Dũng,9,Sản phụ khoa,10,24,4.8,"Khám thai, rối loạn kinh nguyệt, phụ khoa",bs.c10.s9.239@medibook.vn
240,BS. Bùi Văn Phương,10,Nhãn khoa,10,8,5.0,"Cận thị, đục thủy tinh thể, viêm kết mạc",bs.c10.s10.240@medibook.vn
241,BS. Vũ Thị Hùng,10,Nhãn khoa,10,17,4.8,"Cận thị, đục thủy tinh thể, viêm kết mạc",bs.c10.s10.241@medibook.vn
242,BS. Võ Hải Thảo,11,Ung bướu,10,24,4.1,"Tầm soát ung thư, khối u, xạ trị",bs.c10.s11.242@medibook.vn
243,BS. Đặng Tuấn Trang,1,Nội tổng quát,11,14,4.6,"Sốt, đau đầu, mệt mỏi, khám sức khỏe định kỳ",bs.c11.s1.243@medibook.vn
244,BS. Lý Hữu Châu,1,Nội tổng quát,11,16,4.7,"Sốt, đau đầu, mệt mỏi, khám sức khỏe định kỳ",bs.c11.s1.244@medibook.vn
245,BS. Vũ Hải Hòa,2,Tim mạch,11,17,4.5,"Đau ngực, huyết áp, loạn nhịp tim, khó thở",bs.c11.s2.245@medibook.vn
246,BS. Trần Hoài Khang,11,Ung bướu,11,21,4.5,"Tầm soát ung thư, khối u, xạ trị",bs.c11.s11.246@medibook.vn
247,BS. Phạm Hải Hương,1,Nội tổng quát,12,5,4.9,"Sốt, đau đầu, mệt mỏi, khám sức khỏe định kỳ",bs.c12.s1.247@medibook.vn
248,BS. Dương Hữu Oanh,1,Nội tổng quát,12,21,4.1,"Sốt, đau đầu, mệt mỏi, khám sức khỏe định kỳ",bs.c12.s1.248@medibook.vn
249,BS. Hồ Đức Anh,2,Tim mạch,12,5,4.0,"Đau ngực, huyết áp, loạn nhịp tim, khó thở",bs.c12.s2.249@medibook.vn
250,BS. Lê Quỳnh Yến,11,Ung bướu,12,16,4.2,"Tầm soát ung thư, khối u, xạ trị",bs.c12.s11.250@medibook.vn
251,BS. Hồ Thanh Phương,1,Nội tổng quát,13,24,5.0,"Sốt, đau đầu, mệt mỏi, khám sức khỏe định kỳ",bs.c13.s1.251@medibook.vn
252,BS. Phạm Hữu Khang,1,Nội tổng quát,13,7,4.7,"Sốt, đau đầu, mệt mỏi, khám sức khỏe định kỳ",bs.c13.s1.252@medibook.vn
253,BS. Đặng Thanh Khang,2,Tim mạch,13,15,4.8,"Đau ngực, huyết áp, loạn nhịp tim, khó thở",bs.c13.s2.253@medibook.vn
254,BS. Hoàng Đức Hương,3,Da liễu,13,28,4.7,"Mẩn ngứa, dị ứng, mụn nhọt, rụng tóc",bs.c13.s3.254@medibook.vn
255,BS. Phan Văn Trang,3,Da liễu,13,17,4.6,"Mẩn ngứa, dị ứng, mụn nhọt, rụng tóc",bs.c13.s3.255@medibook.vn
256,BS. Hồ Thanh Lan,4,Cơ xương khớp,13,27,4.9,"Đau lưng, đau khớp, thoái hóa, gout",bs.c13.s4.256@medibook.vn
257,BS. Vũ Hoài Tâm,5,Tiêu hóa,13,22,4.8,"Đau dạ dày, tiêu chảy, táo bón, ợ hơi",bs.c13.s5.257@medibook.vn
258,BS. Đặng Quỳnh Minh,5,Tiêu hóa,13,10,4.4,"Đau dạ dày, tiêu chảy, táo bón, ợ hơi",bs.c13.s5.258@medibook.vn
259,BS. Ngô Quang Yến,6,Tai Mũi Họng,13,23,4.7,"Viêm họng, viêm xoang, ù tai, nghẹt mũi",bs.c13.s6.259@medibook.vn
260,BS. Hoàng Đức Phương,7,Thần kinh,13,20,4.5,"Đau đầu, chóng mặt, mất ngủ, rối loạn tiền đình",bs.c13.s7.260@medibook.vn
261,BS. Hoàng Thành Châu,7,Thần kinh,13,16,5.0,"Đau đầu, chóng mặt, mất ngủ, rối loạn tiền đình",bs.c13.s7.261@medibook.vn
262,BS. Võ Minh Dũng,8,Nhi khoa,13,17,4.8,"Sốt, ho, biếng ăn, tiêm chủng trẻ em",bs.c13.s8.262@medibook.vn
263,BS. Trần Đức Phương,9,Sản phụ khoa,13,4,4.9,"Khám thai, rối loạn kinh nguyệt, phụ khoa",bs.c13.s9.263@medibook.vn
264,BS. Lý Minh Dũng,10,Nhãn khoa,13,9,4.9,"Cận thị, đục thủy tinh thể, viêm kết mạc",bs.c13.s10.264@medibook.vn
265,BS. Phan Xuân Lan,11,Ung bướu,13,27,4.3,"Tầm soát ung thư, khối u, xạ trị",bs.c13.s11.265@medibook.vn
266,BS. Đặng Đức Thảo,12,Nam khoa,13,17,4.1,"Rối loạn cương dương, hiếm muộn, viêm nhiễm nam khoa",bs.c13.s12.266@medibook.vn
267,BS. Phan Ngọc Dũng,12,Nam khoa,13,21,4.9,"Rối loạn cương dương, hiếm muộn, viêm nhiễm nam khoa",bs.c13.s12.267@medibook.vn
268,BS. Ngô Đức Minh,13,Nha khoa,13,10,4.4,"Sâu răng, nhổ răng, niềng răng, viêm nướu",bs.c13.s13.268@medibook.vn
269,BS. Bùi Đức Yến,13,Nha khoa,13,18,4.5,"Sâu răng, nhổ răng, niềng răng, viêm nướu",bs.c13.s13.269@medibook.vn
270,BS. Lý Hữu Khang,14,Thận - Tiết niệu,13,19,4.0,"Sỏi thận, tiểu đêm, viêm đường tiết niệu",bs.c13.s14.270@medibook.vn
271,BS. Ngô Hữu Lan,15,Hô hấp,13,7,4.0,"Hen suyễn, viêm phế quản, COPD, ho kéo dài",bs.c13.s15.271@medibook.vn
272,BS. Lý Hải Yến,16,Chấn thương chỉnh hình,13,20,4.6,"Gãy xương, bong gân, chấn thương thể thao",bs.c13.s16.272@medibook.vn
273,BS. Đặng Thị Oanh,17,Phục hồi chức năng,13,8,4.1,"Vật lý trị liệu, phục hồi sau tai biến",bs.c13.s17.273@medibook.vn
274,BS. Hoàng Minh Hương,17,Phục hồi chức năng,13,11,4.8,"Vật lý trị liệu, phục hồi sau tai biến",bs.c13.s17.274@medibook.vn
275,BS. Đỗ Xuân Châu,18,Y học cổ truyền,13,25,4.2,"Châm cứu, bấm huyệt, bốc thuốc nam/bắc",bs.c13.s18.275@medibook.vn
276,BS. Hồ Xuân Phương,19,Nội tiết,13,4,4.6,"Tiểu đường, tuyến giáp, rối loạn chuyển hóa",bs.c13.s19.276@medibook.vn
277,BS. Ngô Hải Dũng,20,Truyền nhiễm,13,19,4.9,"Sốt xuất huyết, viêm gan, bệnh nhiệt đới",bs.c13.s20.277@medibook.vn
278,BS. Lý Đức Tuấn,20,Truyền nhiễm,13,11,4.9,"Sốt xuất huyết, viêm gan, bệnh nhiệt đới",bs.c13.s20.278@medibook.vn
279,BS. Nguyễn Minh Tâm,21,Dị ứng - Miễn dịch,13,29,4.7,"Dị ứng thời tiết, dị ứng thuốc, lupus",bs.c13.s21.279@medibook.vn
280,BS. Đặng Hữu Tâm,21,Dị ứng - Miễn dịch,13,29,4.8,"Dị ứng thời tiết, dị ứng thuốc, lupus",bs.c13.s21.280@medibook.vn
281,BS. Lê Quang Thảo,22,Dinh dưỡng,13,16,4.2,"Tư vấn chế độ ăn, giảm cân, suy dinh dưỡng",bs.c13.s22.281@medibook.vn
282,BS. Bùi Thị Hùng,1,Nội tổng quát,14,10,4.4,"Sốt, đau đầu, mệt mỏi, khám sức khỏe định kỳ",bs.c14.s1.282@medibook.vn
283,BS. Huỳnh Hải Tâm,1,Nội tổng quát,14,5,4.8,"Sốt, đau đầu, mệt mỏi, khám sức khỏe định kỳ",bs.c14.s1.283@medibook.vn
284,BS. Lê Đức Minh,2,Tim mạch,14,28,4.6,"Đau ngực, huyết áp, loạn nhịp tim, khó thở",bs.c14.s2.284@medibook.vn
285,BS. Phạm Văn Anh,3,Da liễu,14,14,4.8,"Mẩn ngứa, dị ứng, mụn nhọt, rụng tóc",bs.c14.s3.285@medibook.vn
286,BS. Lê Hữu Bình,3,Da liễu,14,20,4.5,"Mẩn ngứa, dị ứng, mụn nhọt, rụng tóc",bs.c14.s3.286@medibook.vn
287,BS. Đỗ Quang Linh,4,Cơ xương khớp,14,28,4.3,"Đau lưng, đau khớp, thoái hóa, gout",bs.c14.s4.287@medibook.vn
288,BS. Ngô Xuân Linh,5,Tiêu hóa,14,21,4.5,"Đau dạ dày, tiêu chảy, táo bón, ợ hơi",bs.c14.s5.288@medibook.vn
289,BS. Hoàng Đức Hải,5,Tiêu hóa,14,7,4.1,"Đau dạ dày, tiêu chảy, táo bón, ợ hơi",bs.c14.s5.289@medibook.vn
290,BS. Đặng Thanh Linh,6,Tai Mũi Họng,14,10,4.7,"Viêm họng, viêm xoang, ù tai, nghẹt mũi",bs.c14.s6.290@medibook.vn
291,BS. Dương Văn Minh,6,Tai Mũi Họng,14,15,4.3,"Viêm họng, viêm xoang, ù tai, nghẹt mũi",bs.c14.s6.291@medibook.vn
292,BS. Bùi Xuân Hòa,7,Thần kinh,14,13,4.6,"Đau đầu, chóng mặt, mất ngủ, rối loạn tiền đình",bs.c14.s7.292@medibook.vn
293,BS. Bùi Hữu Phương,7,Thần kinh,14,26,4.7,"Đau đầu, chóng mặt, mất ngủ, rối loạn tiền đình",bs.c14.s7.293@medibook.vn
294,BS. Hồ Đức Phương,8,Nhi khoa,14,21,4.2,"Sốt, ho, biếng ăn, tiêm chủng trẻ em",bs.c14.s8.294@medibook.vn
295,BS. Nguyễn Tuấn Châu,8,Nhi khoa,14,28,4.3,"Sốt, ho, biếng ăn, tiêm chủng trẻ em",bs.c14.s8.295@medibook.vn
296,BS. Hoàng Hải Hải,9,Sản phụ khoa,14,24,4.2,"Khám thai, rối loạn kinh nguyệt, phụ khoa",bs.c14.s9.296@medibook.vn
297,BS. Lê Thanh Hòa,9,Sản phụ khoa,14,15,4.5,"Khám thai, rối loạn kinh nguyệt, phụ khoa",bs.c14.s9.297@medibook.vn
298,BS. Đỗ Tuấn Khang,10,Nhãn khoa,14,5,4.1,"Cận thị, đục thủy tinh thể, viêm kết mạc",bs.c14.s10.298@medibook.vn
299,BS. Trần Đình Phương,11,Ung bướu,14,16,4.1,"Tầm soát ung thư, khối u, xạ trị",bs.c14.s11.299@medibook.vn
300,BS. Vũ Thanh Thảo,12,Nam khoa,14,27,4.7,"Rối loạn cương dương, hiếm muộn, viêm nhiễm nam khoa",bs.c14.s12.300@medibook.vn
301,BS. Lý Văn Hải,13,Nha khoa,14,6,4.8,"Sâu răng, nhổ răng, niềng răng, viêm nướu",bs.c14.s13.301@medibook.vn
302,BS. Bùi Thanh Hương,14,Thận - Tiết niệu,14,14,4.5,"Sỏi thận, tiểu đêm, viêm đường tiết niệu",bs.c14.s14.302@medibook.vn
303,BS. Bùi Văn Hải,14,Thận - Tiết niệu,14,25,4.1,"Sỏi thận, tiểu đêm, viêm đường tiết niệu",bs.c14.s14.303@medibook.vn
304,BS. Vũ Quang Cường,15,Hô hấp,14,13,4.6,"Hen suyễn, viêm phế quản, COPD, ho kéo dài",bs.c14.s15.304@medibook.vn
305,BS. Huỳnh Hữu Bình,16,Chấn thương chỉnh hình,14,26,4.6,"Gãy xương, bong gân, chấn thương thể thao",bs.c14.s16.305@medibook.vn
306,BS. Ngô Xuân Anh,16,Chấn thương chỉnh hình,14,11,4.8,"Gãy xương, bong gân, chấn thương thể thao",bs.c14.s16.306@medibook.vn
307,BS. Đỗ Ngọc Hương,17,Phục hồi chức năng,14,11,4.7,"Vật lý trị liệu, phục hồi sau tai biến",bs.c14.s17.307@medibook.vn
308,BS. Hồ Đình Phương,18,Y học cổ truyền,14,14,4.4,"Châm cứu, bấm huyệt, bốc thuốc nam/bắc",bs.c14.s18.308@medibook.vn
309,BS. Đặng Quỳnh Hòa,18,Y học cổ truyền,14,24,4.1,"Châm cứu, bấm huyệt, bốc thuốc nam/bắc",bs.c14.s18.309@medibook.vn
310,BS. Phạm Hữu Thảo,19,Nội tiết,14,15,4.4,"Tiểu đường, tuyến giáp, rối loạn chuyển hóa",bs.c14.s19.310@medibook.vn
311,BS. Ngô Hữu Yến,19,Nội tiết,14,25,4.9,"Tiểu đường, tuyến giáp, rối loạn chuyển hóa",bs.c14.s19.311@medibook.vn
312,BS. Lý Đức Minh,20,Truyền nhiễm,14,29,4.5,"Sốt xuất huyết, viêm gan, bệnh nhiệt đới",bs.c14.s20.312@medibook.vn
313,BS. Lý Hữu Hương,21,Dị ứng - Miễn dịch,14,19,4.7,"Dị ứng thời tiết, dị ứng thuốc, lupus",bs.c14.s21.313@medibook.vn
314,BS. Dương Thanh Cường,22,Dinh dưỡng,14,3,4.8,"Tư vấn chế độ ăn, giảm cân, suy dinh dưỡng",bs.c14.s22.314@medibook.vn
315,BS. Trần Đức Lan,22,Dinh dưỡng,14,8,4.8,"Tư vấn chế độ ăn, giảm cân, suy dinh dưỡng",bs.c14.s22.315@medibook.vn
316,BS. Phạm Đức Khang,1,Nội tổng quát,15,29,4.8,"Sốt, đau đầu, mệt mỏi, khám sức khỏe định kỳ",bs.c15.s1.316@medibook.vn
317,BS. Ngô Văn Lan,2,Tim mạch,15,17,4.3,"Đau ngực, huyết áp, loạn nhịp tim, khó thở",bs.c15.s2.317@medibook.vn
318,BS. Vũ Minh Tâm,3,Da liễu,15,22,4.6,"Mẩn ngứa, dị ứng, mụn nhọt, rụng tóc",bs.c15.s3.318@medibook.vn
319,BS. Phan Thành Tuấn,4,Cơ xương khớp,15,20,4.3,"Đau lưng, đau khớp, thoái hóa, gout",bs.c15.s4.319@medibook.vn
320,BS. Đặng Đình Hùng,5,Tiêu hóa,15,29,4.1,"Đau dạ dày, tiêu chảy, táo bón, ợ hơi",bs.c15.s5.320@medibook.vn
321,BS. Võ Hoài Minh,5,Tiêu hóa,15,7,4.7,"Đau dạ dày, tiêu chảy, táo bón, ợ hơi",bs.c15.s5.321@medibook.vn
322,BS. Hoàng Đình Hùng,6,Tai Mũi Họng,15,15,4.5,"Viêm họng, viêm xoang, ù tai, nghẹt mũi",bs.c15.s6.322@medibook.vn
323,BS. Võ Tuấn Thảo,6,Tai Mũi Họng,15,13,4.6,"Viêm họng, viêm xoang, ù tai, nghẹt mũi",bs.c15.s6.323@medibook.vn
324,BS. Lê Thành Khang,7,Thần kinh,15,16,4.8,"Đau đầu, chóng mặt, mất ngủ, rối loạn tiền đình",bs.c15.s7.324@medibook.vn
325,BS. Bùi Hoài Hải,7,Thần kinh,15,21,4.1,"Đau đầu, chóng mặt, mất ngủ, rối loạn tiền đình",bs.c15.s7.325@medibook.vn
326,BS. Trần Văn Châu,8,Nhi khoa,15,30,4.2,"Sốt, ho, biếng ăn, tiêm chủng trẻ em",bs.c15.s8.326@medibook.vn
327,BS. Phan Tuấn Minh,9,Sản phụ khoa,15,8,4.9,"Khám thai, rối loạn kinh nguyệt, phụ khoa",bs.c15.s9.327@medibook.vn
328,BS. Đỗ Đức Linh,9,Sản phụ khoa,15,23,4.2,"Khám thai, rối loạn kinh nguyệt, phụ khoa",bs.c15.s9.328@medibook.vn
329,BS. Ngô Hải Linh,10,Nhãn khoa,15,9,4.5,"Cận thị, đục thủy tinh thể, viêm kết mạc",bs.c15.s10.329@medibook.vn
330,BS. Nguyễn Thị Dũng,11,Ung bướu,15,25,4.1,"Tầm soát ung thư, khối u, xạ trị",bs.c15.s11.330@medibook.vn
331,BS. Hồ Văn Trang,11,Ung bướu,15,14,4.9,"Tầm soát ung thư, khối u, xạ trị",bs.c15.s11.331@medibook.vn
332,BS. Hoàng Văn Oanh,12,Nam khoa,15,22,4.7,"Rối loạn cương dương, hiếm muộn, viêm nhiễm nam khoa",bs.c15.s12.332@medibook.vn
333,BS. Hoàng Quỳnh Bình,13,Nha khoa,15,17,4.9,"Sâu răng, nhổ răng, niềng răng, viêm nướu",bs.c15.s13.333@medibook.vn
334,BS. Phạm Đình Phương,14,Thận - Tiết niệu,15,13,4.8,"Sỏi thận, tiểu đêm, viêm đường tiết niệu",bs.c15.s14.334@medibook.vn
335,BS. Vũ Quang Hòa,15,Hô hấp,15,22,4.3,"Hen suyễn, viêm phế quản, COPD, ho kéo dài",bs.c15.s15.335@medibook.vn
336,BS. Phan Tuấn Phương,16,Chấn thương chỉnh hình,15,4,4.8,"Gãy xương, bong gân, chấn thương thể thao",bs.c15.s16.336@medibook.vn
337,BS. Phạm Minh Yến,17,Phục hồi chức năng,15,5,4.5,"Vật lý trị liệu, phục hồi sau tai biến",bs.c15.s17.337@medibook.vn
338,BS. Bùi Hữu Phương,17,Phục hồi chức năng,15,14,4.5,"Vật lý trị liệu, phục hồi sau tai biến",bs.c15.s17.338@medibook.vn
339,BS. Nguyễn Đình Linh,18,Y học cổ truyền,15,9,4.0,"Châm cứu, bấm huyệt, bốc thuốc nam/bắc",bs.c15.s18.339@medibook.vn
340,BS. Ngô Xuân Phương,19,Nội tiết,15,20,4.5,"Tiểu đường, tuyến giáp, rối loạn chuyển hóa",bs.c15.s19.340@medibook.vn
341,BS. Lê Đức Linh,19,Nội tiết,15,28,4.2,"Tiểu đường, tuyến giáp, rối loạn chuyển hóa",bs.c15.s19.341@medibook.vn
342,BS. Đặng Tuấn Bình,20,Truyền nhiễm,15,10,4.1,"Sốt xuất huyết, viêm gan, bệnh nhiệt đới",bs.c15.s20.342@medibook.vn
343,BS. Trần Đức Cường,21,Dị ứng - Miễn dịch,15,25,4.1,"Dị ứng thời tiết, dị ứng thuốc, lupus",bs.c15.s21.343@medibook.vn
344,BS. Lý Ngọc Oanh,21,Dị ứng - Miễn dịch,15,29,4.7,"Dị ứng thời tiết, dị ứng thuốc, lupus",bs.c15.s21.344@medibook.vn
345,BS. Võ Tuấn Trang,22,Dinh dưỡng,15,28,4.4,"Tư vấn chế độ ăn, giảm cân, suy dinh dưỡng",bs.c15.s22.345@medibook.vn
346,BS. Lý Thanh Oanh,16,Chấn thương chỉnh hình,16,18,4.9,"Gãy xương, bong gân, chấn thương thể thao",bs.c16.s16.346@medibook.vn
347,BS. Võ Thành Trang,17,Phục hồi chức năng,16,26,4.1,"Vật lý trị liệu, phục hồi sau tai biến",bs.c16.s17.347@medibook.vn
348,BS. Vũ Thị Yến,5,Tiêu hóa,17,7,4.2,"Đau dạ dày, tiêu chảy, táo bón, ợ hơi",bs.c17.s5.348@medibook.vn
349,BS. Vũ Ngọc Lan,4,Cơ xương khớp,18,13,4.3,"Đau lưng, đau khớp, thoái hóa, gout",bs.c18.s4.349@medibook.vn
350,BS. Phạm Quang Tuấn,4,Cơ xương khớp,18,28,4.5,"Đau lưng, đau khớp, thoái hóa, gout",bs.c18.s4.350@medibook.vn
351,BS. Dương Hoài Hải,1,Nội tổng quát,19,5,4.6,"Sốt, đau đầu, mệt mỏi, khám sức khỏe định kỳ",bs.c19.s1.351@medibook.vn
352,BS. Đặng Đình Hải,2,Tim mạch,19,17,4.4,"Đau ngực, huyết áp, loạn nhịp tim, khó thở",bs.c19.s2.352@medibook.vn
353,BS. Hoàng Thị Bình,3,Da liễu,19,20,4.3,"Mẩn ngứa, dị ứng, mụn nhọt, rụng tóc",bs.c19.s3.353@medibook.vn
354,BS. Hồ Hoài Hải,4,Cơ xương khớp,19,19,5.0,"Đau lưng, đau khớp, thoái hóa, gout",bs.c19.s4.354@medibook.vn
355,BS. Hoàng Tuấn Hùng,5,Tiêu hóa,19,10,4.9,"Đau dạ dày, tiêu chảy, táo bón, ợ hơi",bs.c19.s5.355@medibook.vn
356,BS. Lê Đình Trang,6,Tai Mũi Họng,19,23,4.8,"Viêm họng, viêm xoang, ù tai, nghẹt mũi",bs.c19.s6.356@medibook.vn
357,BS. Ngô Hải Minh,6,Tai Mũi Họng,19,11,4.9,"Viêm họng, viêm xoang, ù tai, nghẹt mũi",bs.c19.s6.357@medibook.vn
358,BS. Dương Đức Lan,7,Thần kinh,19,7,4.8,"Đau đầu, chóng mặt, mất ngủ, rối loạn tiền đình",bs.c19.s7.358@medibook.vn
359,BS. Phạm Hữu Châu,7,Thần kinh,19,16,4.1,"Đau đầu, chóng mặt, mất ngủ, rối loạn tiền đình",bs.c19.s7.359@medibook.vn
360,BS. Đặng Thanh Hùng,8,Nhi khoa,19,8,4.8,"Sốt, ho, biếng ăn, tiêm chủng trẻ em",bs.c19.s8.360@medibook.vn
361,BS. Phan Hoài Dũng,8,Nhi khoa,19,25,4.2,"Sốt, ho, biếng ăn, tiêm chủng trẻ em",bs.c19.s8.361@medibook.vn
362,BS. Đặng Đức Cường,9,Sản phụ khoa,19,30,4.5,"Khám thai, rối loạn kinh nguyệt, phụ khoa",bs.c19.s9.362@medibook.vn
363,BS. Phạm Thành Minh,1,Nội tổng quát,20,4,4.8,"Sốt, đau đầu, mệt mỏi, khám sức khỏe định kỳ",bs.c20.s1.363@medibook.vn
364,BS. Phan Hoài Phương,1,Nội tổng quát,20,23,4.9,"Sốt, đau đầu, mệt mỏi, khám sức khỏe định kỳ",bs.c20.s1.364@medibook.vn
365,BS. Nguyễn Văn Hương,2,Tim mạch,20,28,4.1,"Đau ngực, huyết áp, loạn nhịp tim, khó thở",bs.c20.s2.365@medibook.vn
366,BS. Dương Thị Cường,3,Da liễu,20,29,4.7,"Mẩn ngứa, dị ứng, mụn nhọt, rụng tóc",bs.c20.s3.366@medibook.vn
367,BS. Ngô Hữu Thảo,4,Cơ xương khớp,20,11,4.3,"Đau lưng, đau khớp, thoái hóa, gout",bs.c20.s4.367@medibook.vn
368,BS. Vũ Hải Hải,4,Cơ xương khớp,20,20,4.5,"Đau lưng, đau khớp, thoái hóa, gout",bs.c20.s4.368@medibook.vn
369,BS. Hoàng Xuân Hương,5,Tiêu hóa,20,19,4.2,"Đau dạ dày, tiêu chảy, táo bón, ợ hơi",bs.c20.s5.369@medibook.vn
370,BS. Đỗ Thanh Khang,5,Tiêu hóa,20,21,4.5,"Đau dạ dày, tiêu chảy, táo bón, ợ hơi",bs.c20.s5.370@medibook.vn
371,BS. Nguyễn Ngọc Hòa,6,Tai Mũi Họng,20,28,4.8,"Viêm họng, viêm xoang, ù tai, nghẹt mũi",bs.c20.s6.371@medibook.vn
372,BS. Vũ Hữu Trang,7,Thần kinh,20,10,4.3,"Đau đầu, chóng mặt, mất ngủ, rối loạn tiền đình",bs.c20.s7.372@medibook.vn
373,BS. Hồ Ngọc Cường,7,Thần kinh,20,21,4.3,"Đau đầu, chóng mặt, mất ngủ, rối loạn tiền đình",bs.c20.s7.373@medibook.vn
374,BS. Hoàng Đình Hương,8,Nhi khoa,20,12,4.2,"Sốt, ho, biếng ăn, tiêm chủng trẻ em",bs.c20.s8.374@medibook.vn
375,BS. Trần Minh Hòa,8,Nhi khoa,20,19,4.5,"Sốt, ho, biếng ăn, tiêm chủng trẻ em",bs.c20.s8.375@medibook.vn
376,BS. Bùi Tuấn Cường,9,Sản phụ khoa,20,3,4.1,"Khám thai, rối loạn kinh nguyệt, phụ khoa",bs.c20.s9.376@medibook.vn
377,BS. Lê Ngọc Phương,1,Nội tổng quát,21,13,4.3,"Sốt, đau đầu, mệt mỏi, khám sức khỏe định kỳ",bs.c21.s1.377@medibook.vn
378,BS. Ngô Thành Yến,1,Nội tổng quát,21,8,4.7,"Sốt, đau đầu, mệt mỏi, khám sức khỏe định kỳ",bs.c21.s1.378@medibook.vn
379,BS. Hồ Đức Hải,2,Tim mạch,21,26,4.0,"Đau ngực, huyết áp, loạn nhịp tim, khó thở",bs.c21.s2.379@medibook.vn
380,BS. Bùi Quỳnh Hòa,3,Da liễu,21,21,4.1,"Mẩn ngứa, dị ứng, mụn nhọt, rụng tóc",bs.c21.s3.380@medibook.vn
381,BS. Lê Minh Thảo,4,Cơ xương khớp,21,23,4.9,"Đau lưng, đau khớp, thoái hóa, gout",bs.c21.s4.381@medibook.vn
382,BS. Dương Thị Hùng,4,Cơ xương khớp,21,25,4.1,"Đau lưng, đau khớp, thoái hóa, gout",bs.c21.s4.382@medibook.vn
383,BS. Trần Xuân Châu,5,Tiêu hóa,21,16,4.5,"Đau dạ dày, tiêu chảy, táo bón, ợ hơi",bs.c21.s5.383@medibook.vn
384,BS. Phạm Hoài Yến,6,Tai Mũi Họng,21,27,4.7,"Viêm họng, viêm xoang, ù tai, nghẹt mũi",bs.c21.s6.384@medibook.vn
385,BS. Lê Thành Tuấn,6,Tai Mũi Họng,21,13,4.3,"Viêm họng, viêm xoang, ù tai, nghẹt mũi",bs.c21.s6.385@medibook.vn
386,BS. Huỳnh Quỳnh Phương,7,Thần kinh,21,5,4.5,"Đau đầu, chóng mặt, mất ngủ, rối loạn tiền đình",bs.c21.s7.386@medibook.vn
387,BS. Lý Tuấn Anh,7,Thần kinh,21,8,4.6,"Đau đầu, chóng mặt, mất ngủ, rối loạn tiền đình",bs.c21.s7.387@medibook.vn
388,BS. Phạm Ngọc Hương,8,Nhi khoa,21,25,4.6,"Sốt, ho, biếng ăn, tiêm chủng trẻ em",bs.c21.s8.388@medibook.vn
389,BS. Vũ Văn Tuấn,9,Sản phụ khoa,21,20,4.8,"Khám thai, rối loạn kinh nguyệt, phụ khoa",bs.c21.s9.389@medibook.vn
390,BS. Đỗ Thị Bình,9,Sản phụ khoa,21,29,4.7,"Khám thai, rối loạn kinh nguyệt, phụ khoa",bs.c21.s9.390@medibook.vn
391,BS. Nguyễn Minh Cường,1,Nội tổng quát,22,5,4.5,"Sốt, đau đầu, mệt mỏi, khám sức khỏe định kỳ",bs.c22.s1.391@medibook.vn
392,BS. Lý Thanh Hùng,2,Tim mạch,22,20,4.4,"Đau ngực, huyết áp, loạn nhịp tim, khó thở",bs.c22.s2.392@medibook.vn
393,BS. Đỗ Hữu Châu,2,Tim mạch,22,17,4.5,"Đau ngực, huyết áp, loạn nhịp tim, khó thở",bs.c22.s2.393@medibook.vn
394,BS. Hoàng Thành Trang,3,Da liễu,22,14,4.8,"Mẩn ngứa, dị ứng, mụn nhọt, rụng tóc",bs.c22.s3.394@medibook.vn
395,BS. Hồ Hoài Oanh,4,Cơ xương khớp,22,24,4.9,"Đau lưng, đau khớp, thoái hóa, gout",bs.c22.s4.395@medibook.vn
396,BS. Đặng Văn Phương,5,Tiêu hóa,22,21,4.9,"Đau dạ dày, tiêu chảy, táo bón, ợ hơi",bs.c22.s5.396@medibook.vn
397,BS. Dương Hữu Cường,5,Tiêu hóa,22,9,4.1,"Đau dạ dày, tiêu chảy, táo bón, ợ hơi",bs.c22.s5.397@medibook.vn
398,BS. Phan Hoài Minh,6,Tai Mũi Họng,22,13,4.9,"Viêm họng, viêm xoang, ù tai, nghẹt mũi",bs.c22.s6.398@medibook.vn
399,BS. Hồ Quang Phương,6,Tai Mũi Họng,22,30,4.3,"Viêm họng, viêm xoang, ù tai, nghẹt mũi",bs.c22.s6.399@medibook.vn
400,BS. Phạm Xuân Minh,7,Thần kinh,22,21,4.6,"Đau đầu, chóng mặt, mất ngủ, rối loạn tiền đình",bs.c22.s7.400@medibook.vn
401,BS. Phạm Thành Hải,7,Thần kinh,22,16,4.3,"Đau đầu, chóng mặt, mất ngủ, rối loạn tiền đình",bs.c22.s7.401@medibook.vn
402,BS. Huỳnh Đức Phương,8,Nhi khoa,22,22,4.7,"Sốt, ho, biếng ăn, tiêm chủng trẻ em",bs.c22.s8.402@medibook.vn
403,BS. Bùi Tuấn Lan,9,Sản phụ khoa,22,18,4.9,"Khám thai, rối loạn kinh nguyệt, phụ khoa",bs.c22.s9.403@medibook.vn
404,BS. Bùi Hoài Hải,9,Sản phụ khoa,22,29,4.5,"Khám thai, rối loạn kinh nguyệt, phụ khoa",bs.c22.s9.404@medibook.vn
405,BS. Đặng Tuấn Châu,1,Nội tổng quát,23,26,4.4,"Sốt, đau đầu, mệt mỏi, khám sức khỏe định kỳ",bs.c23.s1.405@medibook.vn
406,BS. Phan Quỳnh Bình,2,Tim mạch,23,19,4.9,"Đau ngực, huyết áp, loạn nhịp tim, khó thở",bs.c23.s2.406@medibook.vn
407,BS. Huỳnh Văn Hải,2,Tim mạch,23,7,4.8,"Đau ngực, huyết áp, loạn nhịp tim, khó thở",bs.c23.s2.407@medibook.vn
408,BS. Phan Hoài Tuấn,3,Da liễu,23,17,4.1,"Mẩn ngứa, dị ứng, mụn nhọt, rụng tóc",bs.c23.s3.408@medibook.vn
409,BS. Đỗ Hoài Châu,4,Cơ xương khớp,23,23,4.9,"Đau lưng, đau khớp, thoái hóa, gout",bs.c23.s4.409@medibook.vn
410,BS. Đỗ Thanh Hòa,4,Cơ xương khớp,23,30,4.5,"Đau lưng, đau khớp, thoái hóa, gout",bs.c23.s4.410@medibook.vn
411,BS. Võ Tuấn Linh,5,Tiêu hóa,23,15,4.0,"Đau dạ dày, tiêu chảy, táo bón, ợ hơi",bs.c23.s5.411@medibook.vn
412,BS. Phan Đức Bình,6,Tai Mũi Họng,23,30,4.8,"Viêm họng, viêm xoang, ù tai, nghẹt mũi",bs.c23.s6.412@medibook.vn
413,BS. Huỳnh Đình Anh,7,Thần kinh,23,22,4.8,"Đau đầu, chóng mặt, mất ngủ, rối loạn tiền đình",bs.c23.s7.413@medibook.vn
414,BS. Hồ Hoài Thảo,8,Nhi khoa,23,9,4.5,"Sốt, ho, biếng ăn, tiêm chủng trẻ em",bs.c23.s8.414@medibook.vn
415,BS. Nguyễn Quang Thảo,8,Nhi khoa,23,22,4.6,"Sốt, ho, biếng ăn, tiêm chủng trẻ em",bs.c23.s8.415@medibook.vn
416,BS. Lê Ngọc Hùng,9,Sản phụ khoa,23,30,4.3,"Khám thai, rối loạn kinh nguyệt, phụ khoa",bs.c23.s9.416@medibook.vn
417,BS. Hoàng Quang Lan,9,Sản phụ khoa,23,30,4.8,"Khám thai, rối loạn kinh nguyệt, phụ khoa",bs.c23.s9.417@medibook.vn
418,BS. Nguyễn Hải Yến,1,Nội tổng quát,24,16,4.4,"Sốt, đau đầu, mệt mỏi, khám sức khỏe định kỳ",bs.c24.s1.418@medibook.vn
419,BS. Vũ Hải Khang,2,Tim mạch,24,18,4.9,"Đau ngực, huyết áp, loạn nhịp tim, khó thở",bs.c24.s2.419@medibook.vn
420,BS. Đặng Hoài Cường,2,Tim mạch,24,8,4.3,"Đau ngực, huyết áp, loạn nhịp tim, khó thở",bs.c24.s2.420@medibook.vn
421,BS. Huỳnh Hải Dũng,3,Da liễu,24,10,4.4,"Mẩn ngứa, dị ứng, mụn nhọt, rụng tóc",bs.c24.s3.421@medibook.vn
422,BS. Bùi Ngọc Hùng,3,Da liễu,24,17,4.9,"Mẩn ngứa, dị ứng, mụn nhọt, rụng tóc",bs.c24.s3.422@medibook.vn
423,BS. Lý Quỳnh Hương,4,Cơ xương khớp,24,30,4.7,"Đau lưng, đau khớp, thoái hóa, gout",bs.c24.s4.423@medibook.vn
424,BS. Hoàng Hữu Hương,5,Tiêu hóa,24,21,4.9,"Đau dạ dày, tiêu chảy, táo bón, ợ hơi",bs.c24.s5.424@medibook.vn
425,BS. Huỳnh Thành Linh,6,Tai Mũi Họng,24,23,5.0,"Viêm họng, viêm xoang, ù tai, nghẹt mũi",bs.c24.s6.425@medibook.vn
426,BS. Nguyễn Thanh Hùng,6,Tai Mũi Họng,24,27,4.2,"Viêm họng, viêm xoang, ù tai, nghẹt mũi",bs.c24.s6.426@medibook.vn
427,BS. Hoàng Đình Bình,7,Thần kinh,24,15,4.4,"Đau đầu, chóng mặt, mất ngủ, rối loạn tiền đình",bs.c24.s7.427@medibook.vn
428,BS. Trần Quang Hương,8,Nhi khoa,24,13,4.8,"Sốt, ho, biếng ăn, tiêm chủng trẻ em",bs.c24.s8.428@medibook.vn
429,BS. Vũ Minh Thảo,9,Sản phụ khoa,24,6,4.4,"Khám thai, rối loạn kinh nguyệt, phụ khoa",bs.c24.s9.429@medibook.vn
430,BS. Trần Đức Hải,1,Nội tổng quát,25,19,4.6,"Sốt, đau đầu, mệt mỏi, khám sức khỏe định kỳ",bs.c25.s1.430@medibook.vn
431,BS. Bùi Quỳnh Yến,2,Tim mạch,25,9,4.2,"Đau ngực, huyết áp, loạn nhịp tim, khó thở",bs.c25.s2.431@medibook.vn
432,BS. Vũ Tuấn Minh,3,Da liễu,25,3,4.6,"Mẩn ngứa, dị ứng, mụn nhọt, rụng tóc",bs.c25.s3.432@medibook.vn
433,BS. Trần Xuân Hùng,4,Cơ xương khớp,25,4,4.6,"Đau lưng, đau khớp, thoái hóa, gout",bs.c25.s4.433@medibook.vn
434,BS. Nguyễn Thị Trang,4,Cơ xương khớp,25,15,4.1,"Đau lưng, đau khớp, thoái hóa, gout",bs.c25.s4.434@medibook.vn
435,BS. Phan Tuấn Anh,5,Tiêu hóa,25,24,4.1,"Đau dạ dày, tiêu chảy, táo bón, ợ hơi",bs.c25.s5.435@medibook.vn
436,BS. Phạm Quang Hòa,6,Tai Mũi Họng,25,6,4.8,"Viêm họng, viêm xoang, ù tai, nghẹt mũi",bs.c25.s6.436@medibook.vn
437,BS. Phan Thành Hùng,6,Tai Mũi Họng,25,14,4.7,"Viêm họng, viêm xoang, ù tai, nghẹt mũi",bs.c25.s6.437@medibook.vn
438,BS. Lý Quỳnh Hương,7,Thần kinh,25,10,4.0,"Đau đầu, chóng mặt, mất ngủ, rối loạn tiền đình",bs.c25.s7.438@medibook.vn
439,BS. Hoàng Văn Oanh,8,Nhi khoa,25,26,4.1,"Sốt, ho, biếng ăn, tiêm chủng trẻ em",bs.c25.s8.439@medibook.vn
440,BS. Dương Đức Hùng,8,Nhi khoa,25,6,4.8,"Sốt, ho, biếng ăn, tiêm chủng trẻ em",bs.c25.s8.440@medibook.vn
441,BS. Bùi Xuân Trang,9,Sản phụ khoa,25,4,4.0,"Khám thai, rối loạn kinh nguyệt, phụ khoa",bs.c25.s9.441@medibook.vn
442,BS. Bùi Ngọc Châu,9,Sản phụ khoa,25,26,4.1,"Khám thai, rối loạn kinh nguyệt, phụ khoa",bs.c25.s9.442@medibook.vn
443,BS. Hồ Xuân Châu,1,Nội tổng quát,26,15,4.7,"Sốt, đau đầu, mệt mỏi, khám sức khỏe định kỳ",bs.c26.s1.443@medibook.vn
444,BS. Phạm Hữu Tuấn,2,Tim mạch,26,16,4.9,"Đau ngực, huyết áp, loạn nhịp tim, khó thở",bs.c26.s2.444@medibook.vn
445,BS. Hồ Thành Thảo,3,Da liễu,26,30,4.7,"Mẩn ngứa, dị ứng, mụn nhọt, rụng tóc",bs.c26.s3.445@medibook.vn
446,BS. Phạm Quỳnh Bình,4,Cơ xương khớp,26,5,4.3,"Đau lưng, đau khớp, thoái hóa, gout",bs.c26.s4.446@medibook.vn
447,BS. Vũ Hải Dũng,4,Cơ xương khớp,26,25,4.7,"Đau lưng, đau khớp, thoái hóa, gout",bs.c26.s4.447@medibook.vn
448,BS. Lý Ngọc Phương,5,Tiêu hóa,26,20,4.9,"Đau dạ dày, tiêu chảy, táo bón, ợ hơi",bs.c26.s5.448@medibook.vn
449,BS. Lý Hoài Yến,6,Tai Mũi Họng,26,27,4.5,"Viêm họng, viêm xoang, ù tai, nghẹt mũi",bs.c26.s6.449@medibook.vn
450,BS. Trần Quang Lan,7,Thần kinh,26,15,4.4,"Đau đầu, chóng mặt, mất ngủ, rối loạn tiền đình",bs.c26.s7.450@medibook.vn
451,BS. Dương Thanh Tâm,7,Thần kinh,26,30,4.5,"Đau đầu, chóng mặt, mất ngủ, rối loạn tiền đình",bs.c26.s7.451@medibook.vn
452,BS. Nguyễn Văn Phương,8,Nhi khoa,26,20,4.5,"Sốt, ho, biếng ăn, tiêm chủng trẻ em",bs.c26.s8.452@medibook.vn
453,BS. Phan Hải Châu,8,Nhi khoa,26,29,4.1,"Sốt, ho, biếng ăn, tiêm chủng trẻ em",bs.c26.s8.453@medibook.vn
454,BS. Lý Tuấn Thảo,9,Sản phụ khoa,26,6,4.8,"Khám thai, rối loạn kinh nguyệt, phụ khoa",bs.c26.s9.454@medibook.vn
455,BS. Bùi Ngọc Hải,9,Sản phụ khoa,26,14,4.7,"Khám thai, rối loạn kinh nguyệt, phụ khoa",bs.c26.s9.455@medibook.vn
456,BS. Hoàng Hoài Bình,1,Nội tổng quát,27,22,4.2,"Sốt, đau đầu, mệt mỏi, khám sức khỏe định kỳ",bs.c27.s1.456@medibook.vn
457,BS. Phan Thanh Hương,1,Nội tổng quát,27,27,4.4,"Sốt, đau đầu, mệt mỏi, khám sức khỏe định kỳ",bs.c27.s1.457@medibook.vn
458,BS. Hoàng Thanh Anh,2,Tim mạch,27,4,4.6,"Đau ngực, huyết áp, loạn nhịp tim, khó thở",bs.c27.s2.458@medibook.vn
459,BS. Huỳnh Tuấn Tâm,2,Tim mạch,27,29,4.1,"Đau ngực, huyết áp, loạn nhịp tim, khó thở",bs.c27.s2.459@medibook.vn
460,BS. Ngô Đình Lan,3,Da liễu,27,13,5.0,"Mẩn ngứa, dị ứng, mụn nhọt, rụng tóc",bs.c27.s3.460@medibook.vn
461,BS. Hoàng Xuân Hòa,3,Da liễu,27,29,4.7,"Mẩn ngứa, dị ứng, mụn nhọt, rụng tóc",bs.c27.s3.461@medibook.vn
462,BS. Phan Minh Hòa,4,Cơ xương khớp,27,14,4.9,"Đau lưng, đau khớp, thoái hóa, gout",bs.c27.s4.462@medibook.vn
463,BS. Phạm Thành Thảo,5,Tiêu hóa,27,21,4.6,"Đau dạ dày, tiêu chảy, táo bón, ợ hơi",bs.c27.s5.463@medibook.vn
464,BS. Đặng Quỳnh Bình,5,Tiêu hóa,27,6,4.0,"Đau dạ dày, tiêu chảy, táo bón, ợ hơi",bs.c27.s5.464@medibook.vn
465,BS. Phan Đức Cường,6,Tai Mũi Họng,27,11,4.1,"Viêm họng, viêm xoang, ù tai, nghẹt mũi",bs.c27.s6.465@medibook.vn
466,BS. Trần Ngọc Châu,7,Thần kinh,27,30,4.7,"Đau đầu, chóng mặt, mất ngủ, rối loạn tiền đình",bs.c27.s7.466@medibook.vn
467,BS. Vũ Quang Hải,8,Nhi khoa,27,15,4.4,"Sốt, ho, biếng ăn, tiêm chủng trẻ em",bs.c27.s8.467@medibook.vn
468,BS. Trần Thị Hùng,8,Nhi khoa,27,30,4.8,"Sốt, ho, biếng ăn, tiêm chủng trẻ em",bs.c27.s8.468@medibook.vn
469,BS. Phan Thành Hương,9,Sản phụ khoa,27,8,5.0,"Khám thai, rối loạn kinh nguyệt, phụ khoa",bs.c27.s9.469@medibook.vn
470,BS. Huỳnh Tuấn Oanh,9,Sản phụ khoa,27,4,4.4,"Khám thai, rối loạn kinh nguyệt, phụ khoa",bs.c27.s9.470@medibook.vn
471,BS. Võ Thị Dũng,1,Nội tổng quát,28,7,4.0,"Sốt, đau đầu, mệt mỏi, khám sức khỏe định kỳ",bs.c28.s1.471@medibook.vn
472,BS. Lý Thành Tâm,2,Tim mạch,28,5,4.8,"Đau ngực, huyết áp, loạn nhịp tim, khó thở",bs.c28.s2.472@medibook.vn
473,BS. Vũ Hữu Oanh,2,Tim mạch,28,19,4.2,"Đau ngực, huyết áp, loạn nhịp tim, khó thở",bs.c28.s2.473@medibook.vn
474,BS. Vũ Quỳnh Hương,3,Da liễu,28,13,4.4,"Mẩn ngứa, dị ứng, mụn nhọt, rụng tóc",bs.c28.s3.474@medibook.vn
475,BS. Lý Quang Anh,3,Da liễu,28,14,4.4,"Mẩn ngứa, dị ứng, mụn nhọt, rụng tóc",bs.c28.s3.475@medibook.vn
476,BS. Hồ Quỳnh Trang,4,Cơ xương khớp,28,20,4.7,"Đau lưng, đau khớp, thoái hóa, gout",bs.c28.s4.476@medibook.vn
477,BS. Đỗ Quang Oanh,4,Cơ xương khớp,28,4,4.3,"Đau lưng, đau khớp, thoái hóa, gout",bs.c28.s4.477@medibook.vn
478,BS. Phạm Hữu Khang,5,Tiêu hóa,28,23,4.1,"Đau dạ dày, tiêu chảy, táo bón, ợ hơi",bs.c28.s5.478@medibook.vn
479,BS. Phan Quang Bình,6,Tai Mũi Họng,28,5,4.7,"Viêm họng, viêm xoang, ù tai, nghẹt mũi",bs.c28.s6.479@medibook.vn
480,BS. Bùi Thị Linh,7,Thần kinh,28,8,4.8,"Đau đầu, chóng mặt, mất ngủ, rối loạn tiền đình",bs.c28.s7.480@medibook.vn
481,BS. Võ Xuân Phương,7,Thần kinh,28,15,4.4,"Đau đầu, chóng mặt, mất ngủ, rối loạn tiền đình",bs.c28.s7.481@medibook.vn
482,BS. Nguyễn Hải Hòa,8,Nhi khoa,28,26,4.6,"Sốt, ho, biếng ăn, tiêm chủng trẻ em",bs.c28.s8.482@medibook.vn
483,BS. Đặng Thành Hải,9,Sản phụ khoa,28,12,4.8,"Khám thai, rối loạn kinh nguyệt, phụ khoa",bs.c28.s9.483@medibook.vn
484,BS. Nguyễn Thanh Cường,1,Nội tổng quát,29,7,4.7,"Sốt, đau đầu, mệt mỏi, khám sức khỏe định kỳ",bs.c29.s1.484@medibook.vn
485,BS. Đặng Hải Thảo,1,Nội tổng quát,29,30,4.6,"Sốt, đau đầu, mệt mỏi, khám sức khỏe định kỳ",bs.c29.s1.485@medibook.vn
486,BS. Hồ Quang Khang,2,Tim mạch,29,9,4.7,"Đau ngực, huyết áp, loạn nhịp tim, khó thở",bs.c29.s2.486@medibook.vn
487,BS. Hoàng Hữu Cường,3,Da liễu,29,29,4.3,"Mẩn ngứa, dị ứng, mụn nhọt, rụng tóc",bs.c29.s3.487@medibook.vn
488,BS. Trần Hoài Khang,3,Da liễu,29,20,4.1,"Mẩn ngứa, dị ứng, mụn nhọt, rụng tóc",bs.c29.s3.488@medibook.vn
489,BS. Phan Tuấn Tâm,4,Cơ xương khớp,29,14,4.1,"Đau lưng, đau khớp, thoái hóa, gout",bs.c29.s4.489@medibook.vn
490,BS. Lê Quỳnh Hương,5,Tiêu hóa,29,17,4.3,"Đau dạ dày, tiêu chảy, táo bón, ợ hơi",bs.c29.s5.490@medibook.vn
491,BS. Đỗ Thành Dũng,5,Tiêu hóa,29,3,4.3,"Đau dạ dày, tiêu chảy, táo bón, ợ hơi",bs.c29.s5.491@medibook.vn
492,BS. Đỗ Hữu Dũng,6,Tai Mũi Họng,29,17,4.4,"Viêm họng, viêm xoang, ù tai, nghẹt mũi",bs.c29.s6.492@medibook.vn
493,BS. Phạm Hữu Hòa,6,Tai Mũi Họng,29,30,4.8,"Viêm họng, viêm xoang, ù tai, nghẹt mũi",bs.c29.s6.493@medibook.vn
494,BS. Lê Quỳnh Anh,7,Thần kinh,29,3,4.8,"Đau đầu, chóng mặt, mất ngủ, rối loạn tiền đình",bs.c29.s7.494@medibook.vn
495,BS. Võ Quang Khang,8,Nhi khoa,29,27,4.1,"Sốt, ho, biếng ăn, tiêm chủng trẻ em",bs.c29.s8.495@medibook.vn
496,BS. Hoàng Thanh Oanh,9,Sản phụ khoa,29,15,4.4,"Khám thai, rối loạn kinh nguyệt, phụ khoa",bs.c29.s9.496@medibook.vn
497,BS. Huỳnh Thành Oanh,9,Sản phụ khoa,29,8,4.2,"Khám thai, rối loạn kinh nguyệt, phụ khoa",bs.c29.s9.497@medibook.vn
498,BS. Trần Minh Yến,1,Nội tổng quát,30,11,4.4,"Sốt, đau đầu, mệt mỏi, khám sức khỏe định kỳ",bs.c30.s1.498@medibook.vn
499,BS. Đỗ Xuân Yến,1,Nội tổng quát,30,4,5.0,"Sốt, đau đầu, mệt mỏi, khám sức khỏe định kỳ",bs.c30.s1.499@medibook.vn
500,BS. Võ Đình Khang,2,Tim mạch,30,15,4.7,"Đau ngực, huyết áp, loạn nhịp tim, khó thở",bs.c30.s2.500@medibook.vn
501,BS. Võ Xuân Lan,2,Tim mạch,30,14,4.8,"Đau ngực, huyết áp, loạn nhịp tim, khó thở",bs.c30.s2.501@medibook.vn
502,BS. Nguyễn Quang Minh,3,Da liễu,30,10,4.1,"Mẩn ngứa, dị ứng, mụn nhọt, rụng tóc",bs.c30.s3.502@medibook.vn
503,BS. Hoàng Hữu Cường,3,Da liễu,30,25,4.8,"Mẩn ngứa, dị ứng, mụn nhọt, rụng tóc",bs.c30.s3.503@medibook.vn
504,BS. Phạm Thanh Yến,4,Cơ xương khớp,30,21,4.2,"Đau lưng, đau khớp, thoái hóa, gout",bs.c30.s4.504@medibook.vn
505,BS. Vũ Thị Minh,4,Cơ xương khớp,30,8,4.1,"Đau lưng, đau khớp, thoái hóa, gout",bs.c30.s4.505@medibook.vn
506,BS. Huỳnh Đức Cường,5,Tiêu hóa,30,22,5.0,"Đau dạ dày, tiêu chảy, táo bón, ợ hơi",bs.c30.s5.506@medibook.vn
507,BS. Phan Thanh Hòa,6,Tai Mũi Họng,30,8,4.2,"Viêm họng, viêm xoang, ù tai, nghẹt mũi",bs.c30.s6.507@medibook.vn
508,BS. Võ Hữu Dũng,7,Thần kinh,30,21,4.1,"Đau đầu, chóng mặt, mất ngủ, rối loạn tiền đình",bs.c30.s7.508@medibook.vn
509,BS. Phạm Thị Hương,8,Nhi khoa,30,24,4.4,"Sốt, ho, biếng ăn, tiêm chủng trẻ em",bs.c30.s8.509@medibook.vn
510,BS. Lý Quỳnh Hòa,9,Sản phụ khoa,30,28,4.5,"Khám thai, rối loạn kinh nguyệt, phụ khoa",bs.c30.s9.510@medibook.vn
511,BS. Hoàng Quỳnh Hòa,1,Nội tổng quát,31,3,4.9,"Sốt, đau đầu, mệt mỏi, khám sức khỏe định kỳ",bs.c31.s1.511@medibook.vn
512,BS. Ngô Ngọc Tuấn,1,Nội tổng quát,31,10,4.9,"Sốt, đau đầu, mệt mỏi, khám sức khỏe định kỳ",bs.c31.s1.512@medibook.vn
513,BS. Phạm Xuân Minh,2,Tim mạch,31,27,4.2,"Đau ngực, huyết áp, loạn nhịp tim, khó thở",bs.c31.s2.513@medibook.vn
514,BS. Ngô Đức Hương,2,Tim mạch,31,26,4.8,"Đau ngực, huyết áp, loạn nhịp tim, khó thở",bs.c31.s2.514@medibook.vn
515,BS. Hồ Hải Hương,3,Da liễu,31,14,4.1,"Mẩn ngứa, dị ứng, mụn nhọt, rụng tóc",bs.c31.s3.515@medibook.vn
516,BS. Ngô Đình Thảo,4,Cơ xương khớp,31,24,4.4,"Đau lưng, đau khớp, thoái hóa, gout",bs.c31.s4.516@medibook.vn
517,BS. Lý Hữu Thảo,4,Cơ xương khớp,31,18,4.3,"Đau lưng, đau khớp, thoái hóa, gout",bs.c31.s4.517@medibook.vn
518,BS. Hoàng Hoài Trang,5,Tiêu hóa,31,28,4.7,"Đau dạ dày, tiêu chảy, táo bón, ợ hơi",bs.c31.s5.518@medibook.vn
519,BS. Phan Quang Phương,5,Tiêu hóa,31,20,4.6,"Đau dạ dày, tiêu chảy, táo bón, ợ hơi",bs.c31.s5.519@medibook.vn
520,BS. Nguyễn Thành Linh,6,Tai Mũi Họng,31,22,4.4,"Viêm họng, viêm xoang, ù tai, nghẹt mũi",bs.c31.s6.520@medibook.vn
521,BS. Vũ Ngọc Linh,6,Tai Mũi Họng,31,26,4.4,"Viêm họng, viêm xoang, ù tai, nghẹt mũi",bs.c31.s6.521@medibook.vn
522,BS. Trần Thành Cường,7,Thần kinh,31,17,4.0,"Đau đầu, chóng mặt, mất ngủ, rối loạn tiền đình",bs.c31.s7.522@medibook.vn
523,BS. Trần Thành Hòa,7,Thần kinh,31,25,4.2,"Đau đầu, chóng mặt, mất ngủ, rối loạn tiền đình",bs.c31.s7.523@medibook.vn
524,BS. Vũ Hải Anh,8,Nhi khoa,31,11,4.8,"Sốt, ho, biếng ăn, tiêm chủng trẻ em",bs.c31.s8.524@medibook.vn
525,BS. Hồ Đình Hương,8,Nhi khoa,31,26,4.7,"Sốt, ho, biếng ăn, tiêm chủng trẻ em",bs.c31.s8.525@medibook.vn
526,BS. Đỗ Ngọc Hùng,9,Sản phụ khoa,31,9,4.5,"Khám thai, rối loạn kinh nguyệt, phụ khoa",bs.c31.s9.526@medibook.vn
527,BS. Võ Hữu Bình,9,Sản phụ khoa,31,20,4.1,"Khám thai, rối loạn kinh nguyệt, phụ khoa",bs.c31.s9.527@medibook.vn
528,BS. Võ Quỳnh Khang,1,Nội tổng quát,32,25,4.4,"Sốt, đau đầu, mệt mỏi, khám sức khỏe định kỳ",bs.c32.s1.528@medibook.vn
529,BS. Bùi Thành Châu,2,Tim mạch,32,30,4.0,"Đau ngực, huyết áp, loạn nhịp tim, khó thở",bs.c32.s2.529@medibook.vn
530,BS. Hồ Hải Lan,3,Da liễu,32,13,4.4,"Mẩn ngứa, dị ứng, mụn nhọt, rụng tóc",bs.c32.s3.530@medibook.vn
531,BS. Võ Minh Hải,4,Cơ xương khớp,32,24,4.7,"Đau lưng, đau khớp, thoái hóa, gout",bs.c32.s4.531@medibook.vn
532,BS. Lý Ngọc Thảo,5,Tiêu hóa,32,11,4.2,"Đau dạ dày, tiêu chảy, táo bón, ợ hơi",bs.c32.s5.532@medibook.vn
533,BS. Vũ Tuấn Lan,6,Tai Mũi Họng,32,10,4.2,"Viêm họng, viêm xoang, ù tai, nghẹt mũi",bs.c32.s6.533@medibook.vn
534,BS. Phạm Văn Linh,7,Thần kinh,32,22,4.0,"Đau đầu, chóng mặt, mất ngủ, rối loạn tiền đình",bs.c32.s7.534@medibook.vn
535,BS. Bùi Thanh Tâm,8,Nhi khoa,32,8,5.0,"Sốt, ho, biếng ăn, tiêm chủng trẻ em",bs.c32.s8.535@medibook.vn
536,BS. Vũ Thành Tâm,8,Nhi khoa,32,19,4.8,"Sốt, ho, biếng ăn, tiêm chủng trẻ em",bs.c32.s8.536@medibook.vn
537,BS. Đỗ Xuân Cường,9,Sản phụ khoa,32,25,4.5,"Khám thai, rối loạn kinh nguyệt, phụ khoa",bs.c32.s9.537@medibook.vn
538,BS. Phan Xuân Tâm,1,Nội tổng quát,33,14,4.6,"Sốt, đau đầu, mệt mỏi, khám sức khỏe định kỳ",bs.c33.s1.538@medibook.vn
539,BS. Vũ Đức Yến,2,Tim mạch,33,14,4.2,"Đau ngực, huyết áp, loạn nhịp tim, khó thở",bs.c33.s2.539@medibook.vn
540,BS. Ngô Tuấn Thảo,2,Tim mạch,33,11,4.5,"Đau ngực, huyết áp, loạn nhịp tim, khó thở",bs.c33.s2.540@medibook.vn
541,BS. Võ Thành Lan,3,Da liễu,33,30,4.4,"Mẩn ngứa, dị ứng, mụn nhọt, rụng tóc",bs.c33.s3.541@medibook.vn
542,BS. Nguyễn Hữu Bình,4,Cơ xương khớp,33,30,4.6,"Đau lưng, đau khớp, thoái hóa, gout",bs.c33.s4.542@medibook.vn
543,BS. Đặng Đức Khang,4,Cơ xương khớp,33,15,4.1,"Đau lưng, đau khớp, thoái hóa, gout",bs.c33.s4.543@medibook.vn
544,BS. Võ Thanh Trang,5,Tiêu hóa,33,13,4.3,"Đau dạ dày, tiêu chảy, táo bón, ợ hơi",bs.c33.s5.544@medibook.vn
545,BS. Đỗ Thị Bình,6,Tai Mũi Họng,33,30,4.7,"Viêm họng, viêm xoang, ù tai, nghẹt mũi",bs.c33.s6.545@medibook.vn
546,BS. Huỳnh Thành Hải,6,Tai Mũi Họng,33,24,4.5,"Viêm họng, viêm xoang, ù tai, nghẹt mũi",bs.c33.s6.546@medibook.vn
547,BS. Đặng Thanh Minh,7,Thần kinh,33,28,4.9,"Đau đầu, chóng mặt, mất ngủ, rối loạn tiền đình",bs.c33.s7.547@medibook.vn
548,BS. Lê Văn Cường,7,Thần kinh,33,13,4.3,"Đau đầu, chóng mặt, mất ngủ, rối loạn tiền đình",bs.c33.s7.548@medibook.vn
549,BS. Võ Quỳnh Châu,8,Nhi khoa,33,21,4.5,"Sốt, ho, biếng ăn, tiêm chủng trẻ em",bs.c33.s8.549@medibook.vn
550,BS. Huỳnh Hữu Anh,8,Nhi khoa,33,10,4.7,"Sốt, ho, biếng ăn, tiêm chủng trẻ em",bs.c33.s8.550@medibook.vn
551,BS. Hồ Văn Trang,9,Sản phụ khoa,33,20,4.1,"Khám thai, rối loạn kinh nguyệt, phụ khoa",bs.c33.s9.551@medibook.vn
552,BS. Phạm Đức Hòa,1,Nội tổng quát,34,23,4.9,"Sốt, đau đầu, mệt mỏi, khám sức khỏe định kỳ",bs.c34.s1.552@medibook.vn
553,BS. Vũ Tuấn Hải,2,Tim mạch,34,7,4.1,"Đau ngực, huyết áp, loạn nhịp tim, khó thở",bs.c34.s2.553@medibook.vn
554,BS. Đỗ Hoài Dũng,3,Da liễu,34,30,4.5,"Mẩn ngứa, dị ứng, mụn nhọt, rụng tóc",bs.c34.s3.554@medibook.vn
555,BS. Hoàng Tuấn Khang,4,Cơ xương khớp,34,22,4.5,"Đau lưng, đau khớp, thoái hóa, gout",bs.c34.s4.555@medibook.vn
556,BS. Đặng Quỳnh Thảo,4,Cơ xương khớp,34,10,4.8,"Đau lưng, đau khớp, thoái hóa, gout",bs.c34.s4.556@medibook.vn
557,BS. Ngô Đức Minh,5,Tiêu hóa,34,3,4.5,"Đau dạ dày, tiêu chảy, táo bón, ợ hơi",bs.c34.s5.557@medibook.vn
558,BS. Đặng Thanh Khang,5,Tiêu hóa,34,18,4.9,"Đau dạ dày, tiêu chảy, táo bón, ợ hơi",bs.c34.s5.558@medibook.vn
559,BS. Ngô Thành Hải,6,Tai Mũi Họng,34,28,4.0,"Viêm họng, viêm xoang, ù tai, nghẹt mũi",bs.c34.s6.559@medibook.vn
560,BS. Ngô Xuân Lan,7,Thần kinh,34,26,4.6,"Đau đầu, chóng mặt, mất ngủ, rối loạn tiền đình",bs.c34.s7.560@medibook.vn
561,BS. Võ Văn Bình,7,Thần kinh,34,19,4.8,"Đau đầu, chóng mặt, mất ngủ, rối loạn tiền đình",bs.c34.s7.561@medibook.vn
562,BS. Ngô Minh Linh,8,Nhi khoa,34,12,4.1,"Sốt, ho, biếng ăn, tiêm chủng trẻ em",bs.c34.s8.562@medibook.vn
563,BS. Võ Tuấn Hòa,8,Nhi khoa,34,13,4.0,"Sốt, ho, biếng ăn, tiêm chủng trẻ em",bs.c34.s8.563@medibook.vn
564,BS. Huỳnh Văn Hải,9,Sản phụ khoa,34,25,4.4,"Khám thai, rối loạn kinh nguyệt, phụ khoa",bs.c34.s9.564@medibook.vn
565,BS. Hoàng Thị Yến,1,Nội tổng quát,35,16,4.3,"Sốt, đau đầu, mệt mỏi, khám sức khỏe định kỳ",bs.c35.s1.565@medibook.vn
566,BS. Trần Ngọc Linh,2,Tim mạch,35,11,4.8,"Đau ngực, huyết áp, loạn nhịp tim, khó thở",bs.c35.s2.566@medibook.vn
567,BS. Lý Hữu Hương,2,Tim mạch,35,15,4.8,"Đau ngực, huyết áp, loạn nhịp tim, khó thở",bs.c35.s2.567@medibook.vn
568,BS. Dương Minh Tuấn,3,Da liễu,35,26,4.8,"Mẩn ngứa, dị ứng, mụn nhọt, rụng tóc",bs.c35.s3.568@medibook.vn
569,BS. Hồ Hải Hải,3,Da liễu,35,23,4.7,"Mẩn ngứa, dị ứng, mụn nhọt, rụng tóc",bs.c35.s3.569@medibook.vn
570,BS. Đặng Minh Thảo,4,Cơ xương khớp,35,9,5.0,"Đau lưng, đau khớp, thoái hóa, gout",bs.c35.s4.570@medibook.vn
571,BS. Bùi Thị Cường,4,Cơ xương khớp,35,6,4.4,"Đau lưng, đau khớp, thoái hóa, gout",bs.c35.s4.571@medibook.vn
572,BS. Lý Tuấn Hòa,5,Tiêu hóa,35,27,4.1,"Đau dạ dày, tiêu chảy, táo bón, ợ hơi",bs.c35.s5.572@medibook.vn
573,BS. Bùi Quỳnh Tuấn,6,Tai Mũi Họng,35,23,4.2,"Viêm họng, viêm xoang, ù tai, nghẹt mũi",bs.c35.s6.573@medibook.vn
574,BS. Vũ Ngọc Khang,7,Thần kinh,35,14,4.8,"Đau đầu, chóng mặt, mất ngủ, rối loạn tiền đình",bs.c35.s7.574@medibook.vn
575,BS. Nguyễn Tuấn Phương,7,Thần kinh,35,7,4.3,"Đau đầu, chóng mặt, mất ngủ, rối loạn tiền đình",bs.c35.s7.575@medibook.vn
576,BS. Đặng Quang Yến,8,Nhi khoa,35,8,4.5,"Sốt, ho, biếng ăn, tiêm chủng trẻ em",bs.c35.s8.576@medibook.vn
577,BS. Võ Hoài Hòa,8,Nhi khoa,35,5,4.5,"Sốt, ho, biếng ăn, tiêm chủng trẻ em",bs.c35.s8.577@medibook.vn
578,BS. Đỗ Thanh Anh,9,Sản phụ khoa,35,15,4.7,"Khám thai, rối loạn kinh nguyệt, phụ khoa",bs.c35.s9.578@medibook.vn
579,BS. Vũ Ngọc Linh,9,Sản phụ khoa,35,29,4.4,"Khám thai, rối loạn kinh nguyệt, phụ khoa",bs.c35.s9.579@medibook.vn
