id,fullname,email,phone,cccd,specialty,license_number,experience_years,certificate_info,clinic_id,status,note,submitted_at,reviewed_at,password_hash
1,BS. Trần Hữu Cường,tran.huu.cuong42@medibook.vn,0900000001,001090000001,Tim mạch,CCHN-00001,18,Bằng Y khoa,3,approved,Generated seed data,2026-06-05T01:40:35.693705,2026-06-05T01:40:35.693711,$2b$12$CFqCYG5oiNx7vJl6/DvPAOQX/OTP1C8L8fVz1YA3T7L.EeVlCxiK.
2,BS. Hồ Quốc Hùng,ho.quoc.hung68@medibook.vn,0900000002,001090000002,Tai Mũi Họng,CCHN-00002,8,Bằng Y khoa,4,approved,Generated seed data,2026-06-05T01:40:35.693776,2026-06-05T01:40:35.693778,$2b$12$CFqCYG5oiNx7vJl6/DvPAOQX/OTP1C8L8fVz1YA3T7L.EeVlCxiK.
3,BS. Đặng Kim Yến,dặng.kim.yen99@medibook.vn,0900000003,001090000003,Tai Mũi Họng,CCHN-00003,13,Bằng Y khoa,3,approved,Generated seed data,2026-06-05T01:40:35.693817,2026-06-05T01:40:35.693818,$2b$12$CFqCYG5oiNx7vJl6/DvPAOQX/OTP1C8L8fVz1YA3T7L.EeVlCxiK.
4,BS. Dương Hồng Lan,duong.hong.lan29@medibook.vn,0900000004,001090000004,Y học cổ truyền,CCHN-00004,25,Bằng Y khoa,5,approved,Generated seed data,2026-06-05T01:40:35.693849,2026-06-05T01:40:35.693849,$2b$12$CFqCYG5oiNx7vJl6/DvPAOQX/OTP1C8L8fVz1YA3T7L.EeVlCxiK.
5,BS. Dương Minh Trang,duong.minh.trang16@medibook.vn,0900000005,001090000005,Sức khỏe tâm thần,CCHN-00005,15,Bằng Y khoa,2,approved,Generated seed data,2026-06-05T01:40:35.693879,2026-06-05T01:40:35.693880,$2b$12$CFqCYG5oiNx7vJl6/DvPAOQX/OTP1C8L8fVz1YA3T7L.EeVlCxiK.
6,BS. Đỗ Thanh Nam,do.thanh.nam35@medibook.vn,0900000006,001090000006,Răng Hàm Mặt,CCHN-00006,6,Bằng Y khoa,1,approved,Generated seed data,2026-06-05T01:40:35.693948,2026-06-05T01:40:35.693950,$2b$12$CFqCYG5oiNx7vJl6/DvPAOQX/OTP1C8L8fVz1YA3T7L.EeVlCxiK.
7,BS. Lê Quốc Lan,lc.quoc.lan24@medibook.vn,0900000007,001090000007,Răng Hàm Mặt,CCHN-00007,25,Bằng Y khoa,1,approved,Generated seed data,2026-06-05T01:40:35.693985,2026-06-05T01:40:35.693986,$2b$12$CFqCYG5oiNx7vJl6/DvPAOQX/OTP1C8L8fVz1YA3T7L.EeVlCxiK.
8,BS. Ngô Hồng Yến,ngo.hong.yen69@medibook.vn,0900000008,001090000008,Hô hấp,CCHN-00008,20,Bằng Y khoa,1,approved,Generated seed data,2026-06-05T01:40:35.694013,2026-06-05T01:40:35.694014,$2b$12$CFqCYG5oiNx7vJl6/DvPAOQX/OTP1C8L8fVz1YA3T7L.EeVlCxiK.
9,BS. Võ Thanh Yến,vo.thanh.yen24@medibook.vn,0900000009,001090000009,Cơ xương khớp,CCHN-00009,16,Bằng Y khoa,4,approved,Generated seed data,2026-06-05T01:40:35.694041,2026-06-05T01:40:35.694042,$2b$12$CFqCYG5oiNx7vJl6/DvPAOQX/OTP1C8L8fVz1YA3T7L.EeVlCxiK.
10,BS. Phạm Hồng Sơn,pham.hong.son93@medibook.vn,0900000010,001090000010,Ngoại chấn thương chỉnh hình,CCHN-00010,29,Bằng Y khoa,2,approved,Generated seed data,2026-06-05T01:40:35.694069,2026-06-05T01:40:35.694070,$2b$12$CFqCYG5oiNx7vJl6/DvPAOQX/OTP1C8L8fVz1YA3T7L.EeVlCxiK.
11,BS. Lý Hồng Sơn,ly.hong.son68@medibook.vn,0900000011,001090000011,Nhi khoa,CCHN-00011,27,Bằng Y khoa,1,approved,Generated seed data,2026-06-05T01:40:35.694097,2026-06-05T01:40:35.694098,$2b$12$CFqCYG5oiNx7vJl6/DvPAOQX/OTP1C8L8fVz1YA3T7L.EeVlCxiK.
12,BS. Võ Thanh Hải,vo.thanh.hai76@medibook.vn,0900000012,001090000012,Hô hấp,CCHN-00012,24,Bằng Y khoa,5,approved,Generated seed data,2026-06-05T01:40:35.694126,2026-06-05T01:40:35.694127,$2b$12$CFqCYG5oiNx7vJl6/DvPAOQX/OTP1C8L8fVz1YA3T7L.EeVlCxiK.
13,BS. Hoàng Quang Tâm,hoang.quang.tam48@medibook.vn,0900000013,001090000013,Tiêu hóa - Gan mật,CCHN-00013,28,Bằng Y khoa,3,approved,Generated seed data,2026-06-05T01:40:35.694153,2026-06-05T01:40:35.694154,$2b$12$CFqCYG5oiNx7vJl6/DvPAOQX/OTP1C8L8fVz1YA3T7L.EeVlCxiK.
14,BS. Nguyễn Thị Huy,nguyen.thi.huy44@medibook.vn,0900000014,001090000014,Tai Mũi Họng,CCHN-00014,4,Bằng Y khoa,3,approved,Generated seed data,2026-06-05T01:40:35.694180,2026-06-05T01:40:35.694181,$2b$12$CFqCYG5oiNx7vJl6/DvPAOQX/OTP1C8L8fVz1YA3T7L.EeVlCxiK.
15,BS. Ngô Hữu Phương,ngo.huu.phuong19@medibook.vn,0900000015,001090000015,Dinh dưỡng,CCHN-00015,8,Bằng Y khoa,4,approved,Generated seed data,2026-06-05T01:40:35.694208,2026-06-05T01:40:35.694209,$2b$12$CFqCYG5oiNx7vJl6/DvPAOQX/OTP1C8L8fVz1YA3T7L.EeVlCxiK.
16,BS. Phan Minh Lan,phan.minh.lan19@medibook.vn,0900000016,001090000016,Sản phụ khoa,CCHN-00016,7,Bằng Y khoa,5,approved,Generated seed data,2026-06-05T01:40:35.694235,2026-06-05T01:40:35.694236,$2b$12$CFqCYG5oiNx7vJl6/DvPAOQX/OTP1C8L8fVz1YA3T7L.EeVlCxiK.
17,BS. Ngô Kim Giang,ngo.kim.giang39@medibook.vn,0900000017,001090000017,Ung bướu / Tầm soát ung thư,CCHN-00017,19,Bằng Y khoa,4,approved,Generated seed data,2026-06-05T01:40:35.694260,2026-06-05T01:40:35.694261,$2b$12$CFqCYG5oiNx7vJl6/DvPAOQX/OTP1C8L8fVz1YA3T7L.EeVlCxiK.
18,BS. Đỗ Anh Dũng,do.anh.dung21@medibook.vn,0900000018,001090000018,Sức khỏe tâm thần,CCHN-00018,27,Bằng Y khoa,2,approved,Generated seed data,2026-06-05T01:40:35.694287,2026-06-05T01:40:35.694288,$2b$12$CFqCYG5oiNx7vJl6/DvPAOQX/OTP1C8L8fVz1YA3T7L.EeVlCxiK.
19,BS. Phan Văn Giang,phan.van.giang54@medibook.vn,0900000019,001090000019,Tim mạch,CCHN-00019,31,Bằng Y khoa,1,approved,Generated seed data,2026-06-05T01:40:35.694314,2026-06-05T01:40:35.694315,$2b$12$CFqCYG5oiNx7vJl6/DvPAOQX/OTP1C8L8fVz1YA3T7L.EeVlCxiK.
20,BS. Dương Quốc Khánh,duong.quoc.khanh42@medibook.vn,0900000020,001090000020,Ngoại chấn thương chỉnh hình,CCHN-00020,9,Bằng Y khoa,3,approved,Generated seed data,2026-06-05T01:40:35.694340,2026-06-05T01:40:35.694341,$2b$12$CFqCYG5oiNx7vJl6/DvPAOQX/OTP1C8L8fVz1YA3T7L.EeVlCxiK.
21,BS. Trần Minh Sơn,tran.minh.son87@medibook.vn,0900000021,001090000021,Ngoại thần kinh / Cột sống,CCHN-00021,3,Bằng Y khoa,3,approved,Generated seed data,2026-06-05T01:40:35.694366,2026-06-05T01:40:35.694367,$2b$12$CFqCYG5oiNx7vJl6/DvPAOQX/OTP1C8L8fVz1YA3T7L.EeVlCxiK.
22,BS. Bùi Quang Dũng,bui.quang.dung89@medibook.vn,0900000022,001090000022,Răng Hàm Mặt,CCHN-00022,18,Bằng Y khoa,1,approved,Generated seed data,2026-06-05T01:40:35.694391,2026-06-05T01:40:35.694392,$2b$12$CFqCYG5oiNx7vJl6/DvPAOQX/OTP1C8L8fVz1YA3T7L.EeVlCxiK.
23,BS. Vũ Quang Minh,vu.quang.minh25@medibook.vn,0900000023,001090000023,Ngoại thần kinh / Cột sống,CCHN-00023,21,Bằng Y khoa,5,approved,Generated seed data,2026-06-05T01:40:35.694417,2026-06-05T01:40:35.694418,$2b$12$CFqCYG5oiNx7vJl6/DvPAOQX/OTP1C8L8fVz1YA3T7L.EeVlCxiK.
24,BS. Hoàng Thị Dũng,hoang.thi.dung27@medibook.vn,0900000024,001090000024,Ngoại chấn thương chỉnh hình,CCHN-00024,21,Bằng Y khoa,4,approved,Generated seed data,2026-06-05T01:40:35.694442,2026-06-05T01:40:35.694443,$2b$12$CFqCYG5oiNx7vJl6/DvPAOQX/OTP1C8L8fVz1YA3T7L.EeVlCxiK.
25,BS. Phạm Quang Huy,pham.quang.huy63@medibook.vn,0900000025,001090000025,Tiêu hóa - Gan mật,CCHN-00025,9,Bằng Y khoa,2,approved,Generated seed data,2026-06-05T01:40:35.694467,2026-06-05T01:40:35.694468,$2b$12$CFqCYG5oiNx7vJl6/DvPAOQX/OTP1C8L8fVz1YA3T7L.EeVlCxiK.
26,BS. Đặng Hữu Tuấn,dặng.huu.tuan46@medibook.vn,0900000026,001090000026,Thận - Tiết niệu,CCHN-00026,17,Bằng Y khoa,5,approved,Generated seed data,2026-06-05T01:40:35.694492,2026-06-05T01:40:35.694493,$2b$12$CFqCYG5oiNx7vJl6/DvPAOQX/OTP1C8L8fVz1YA3T7L.EeVlCxiK.
27,BS. Phạm Thanh Phương,pham.thanh.phuong31@medibook.vn,0900000027,001090000027,Mắt,CCHN-00027,16,Bằng Y khoa,3,approved,Generated seed data,2026-06-05T01:40:35.694519,2026-06-05T01:40:35.694520,$2b$12$CFqCYG5oiNx7vJl6/DvPAOQX/OTP1C8L8fVz1YA3T7L.EeVlCxiK.
28,BS. Hồ Quốc Lan,ho.quoc.lan74@medibook.vn,0900000028,001090000028,Thận - Tiết niệu,CCHN-00028,24,Bằng Y khoa,2,approved,Generated seed data,2026-06-05T01:40:35.694545,2026-06-05T01:40:35.694546,$2b$12$CFqCYG5oiNx7vJl6/DvPAOQX/OTP1C8L8fVz1YA3T7L.EeVlCxiK.
29,BS. Nguyễn Quang Nam,nguyen.quang.nam22@medibook.vn,0900000029,001090000029,Nội tiết,CCHN-00029,34,Bằng Y khoa,1,approved,Generated seed data,2026-06-05T01:40:35.694570,2026-06-05T01:40:35.694571,$2b$12$CFqCYG5oiNx7vJl6/DvPAOQX/OTP1C8L8fVz1YA3T7L.EeVlCxiK.
30,BS. Lê Đức Hà,lc.duc.ha44@medibook.vn,0900000030,001090000030,Y học cổ truyền,CCHN-00030,27,Bằng Y khoa,1,approved,Generated seed data,2026-06-05T01:40:35.694594,2026-06-05T01:40:35.694595,$2b$12$CFqCYG5oiNx7vJl6/DvPAOQX/OTP1C8L8fVz1YA3T7L.EeVlCxiK.
31,BS. Hoàng Anh Linh,hoang.anh.linh85@medibook.vn,0900000031,001090000031,Nội tiết,CCHN-00031,21,Bằng Y khoa,3,approved,Generated seed data,2026-06-05T01:40:35.694619,2026-06-05T01:40:35.694620,$2b$12$CFqCYG5oiNx7vJl6/DvPAOQX/OTP1C8L8fVz1YA3T7L.EeVlCxiK.
32,BS. Vũ Thị Vy,vu.thi.vy86@medibook.vn,0900000032,001090000032,Da liễu,CCHN-00032,3,Bằng Y khoa,5,approved,Generated seed data,2026-06-05T01:40:35.694642,2026-06-05T01:40:35.694643,$2b$12$CFqCYG5oiNx7vJl6/DvPAOQX/OTP1C8L8fVz1YA3T7L.EeVlCxiK.
33,BS. Phạm Văn Minh,pham.van.minh23@medibook.vn,0900000033,001090000033,Tai Mũi Họng,CCHN-00033,14,Bằng Y khoa,1,approved,Generated seed data,2026-06-05T01:40:35.694666,2026-06-05T01:40:35.694667,$2b$12$CFqCYG5oiNx7vJl6/DvPAOQX/OTP1C8L8fVz1YA3T7L.EeVlCxiK.
34,BS. Lý Kim Hải,ly.kim.hai14@medibook.vn,0900000034,001090000034,Tim mạch,CCHN-00034,4,Bằng Y khoa,2,approved,Generated seed data,2026-06-05T01:40:35.694690,2026-06-05T01:40:35.694691,$2b$12$CFqCYG5oiNx7vJl6/DvPAOQX/OTP1C8L8fVz1YA3T7L.EeVlCxiK.
35,BS. Hồ Thanh Cường,ho.thanh.cuong80@medibook.vn,0900000035,001090000035,Mắt,CCHN-00035,13,Bằng Y khoa,5,approved,Generated seed data,2026-06-05T01:40:35.694714,2026-06-05T01:40:35.694715,$2b$12$CFqCYG5oiNx7vJl6/DvPAOQX/OTP1C8L8fVz1YA3T7L.EeVlCxiK.
36,BS. Phan Hữu Nam,phan.huu.nam37@medibook.vn,0900000036,001090000036,Ung bướu / Tầm soát ung thư,CCHN-00036,13,Bằng Y khoa,3,approved,Generated seed data,2026-06-05T01:40:35.694739,2026-06-05T01:40:35.694740,$2b$12$CFqCYG5oiNx7vJl6/DvPAOQX/OTP1C8L8fVz1YA3T7L.EeVlCxiK.
37,BS. Hồ Anh Anh,ho.anh.anh61@medibook.vn,0900000037,001090000037,Hô hấp,CCHN-00037,23,Bằng Y khoa,3,approved,Generated seed data,2026-06-05T01:40:35.694763,2026-06-05T01:40:35.694764,$2b$12$CFqCYG5oiNx7vJl6/DvPAOQX/OTP1C8L8fVz1YA3T7L.EeVlCxiK.
38,BS. Vũ Văn Yến,vu.van.yen46@medibook.vn,0900000038,001090000038,Thần kinh,CCHN-00038,15,Bằng Y khoa,1,approved,Generated seed data,2026-06-05T01:40:35.694788,2026-06-05T01:40:35.694788,$2b$12$CFqCYG5oiNx7vJl6/DvPAOQX/OTP1C8L8fVz1YA3T7L.EeVlCxiK.
39,BS. Đỗ Đức Linh,do.duc.linh76@medibook.vn,0900000039,001090000039,Nội tiết,CCHN-00039,12,Bằng Y khoa,5,approved,Generated seed data,2026-06-05T01:40:35.694811,2026-06-05T01:40:35.694812,$2b$12$CFqCYG5oiNx7vJl6/DvPAOQX/OTP1C8L8fVz1YA3T7L.EeVlCxiK.
40,BS. Nguyễn Minh Nam,nguyen.minh.nam70@medibook.vn,0900000040,001090000040,Thận - Tiết niệu,CCHN-00040,20,Bằng Y khoa,5,approved,Generated seed data,2026-06-05T01:40:35.694835,2026-06-05T01:40:35.694836,$2b$12$CFqCYG5oiNx7vJl6/DvPAOQX/OTP1C8L8fVz1YA3T7L.EeVlCxiK.
41,BS. Ngô Quốc Giang,ngo.quoc.giang17@medibook.vn,0900000041,001090000041,Nội tổng quát,CCHN-00041,26,Bằng Y khoa,2,approved,Generated seed data,2026-06-05T01:40:35.694861,2026-06-05T01:40:35.694862,$2b$12$CFqCYG5oiNx7vJl6/DvPAOQX/OTP1C8L8fVz1YA3T7L.EeVlCxiK.
42,BS. Đỗ Hữu Thảo,do.huu.thao48@medibook.vn,0900000042,001090000042,Mắt,CCHN-00042,14,Bằng Y khoa,1,approved,Generated seed data,2026-06-05T01:40:35.694886,2026-06-05T01:40:35.694887,$2b$12$CFqCYG5oiNx7vJl6/DvPAOQX/OTP1C8L8fVz1YA3T7L.EeVlCxiK.
43,BS. Bùi Hồng Cường,bui.hong.cuong66@medibook.vn,0900000043,001090000043,Nội tổng quát,CCHN-00043,19,Bằng Y khoa,3,approved,Generated seed data,2026-06-05T01:40:35.694910,2026-06-05T01:40:35.694920,$2b$12$CFqCYG5oiNx7vJl6/DvPAOQX/OTP1C8L8fVz1YA3T7L.EeVlCxiK.
44,BS. Hoàng Đức Bình,hoang.duc.binh55@medibook.vn,0900000044,001090000044,Sức khỏe tâm thần,CCHN-00044,32,Bằng Y khoa,2,approved,Generated seed data,2026-06-05T01:40:35.694951,2026-06-05T01:40:35.694952,$2b$12$CFqCYG5oiNx7vJl6/DvPAOQX/OTP1C8L8fVz1YA3T7L.EeVlCxiK.
45,BS. Đặng Đức Giang,dặng.duc.giang49@medibook.vn,0900000045,001090000045,Nội tiết,CCHN-00045,20,Bằng Y khoa,5,approved,Generated seed data,2026-06-05T01:40:35.694977,2026-06-05T01:40:35.694978,$2b$12$CFqCYG5oiNx7vJl6/DvPAOQX/OTP1C8L8fVz1YA3T7L.EeVlCxiK.
46,BS. Võ Đức Huy,vo.duc.huy67@medibook.vn,0900000046,001090000046,Mắt,CCHN-00046,18,Bằng Y khoa,1,approved,Generated seed data,2026-06-05T01:40:35.695008,2026-06-05T01:40:35.695008,$2b$12$CFqCYG5oiNx7vJl6/DvPAOQX/OTP1C8L8fVz1YA3T7L.EeVlCxiK.
47,BS. Đặng Đức Hà,dặng.duc.ha77@medibook.vn,0900000047,001090000047,Mắt,CCHN-00047,26,Bằng Y khoa,5,approved,Generated seed data,2026-06-05T01:40:35.695035,2026-06-05T01:40:35.695035,$2b$12$CFqCYG5oiNx7vJl6/DvPAOQX/OTP1C8L8fVz1YA3T7L.EeVlCxiK.
48,BS. Ngô Quang Sơn,ngo.quang.son20@medibook.vn,0900000048,001090000048,Da liễu,CCHN-00048,32,Bằng Y khoa,1,approved,Generated seed data,2026-06-05T01:40:35.695060,2026-06-05T01:40:35.695061,$2b$12$CFqCYG5oiNx7vJl6/DvPAOQX/OTP1C8L8fVz1YA3T7L.EeVlCxiK.
49,BS. Đặng Hồng Hải,dặng.hong.hai68@medibook.vn,0900000049,001090000049,Sản phụ khoa,CCHN-00049,35,Bằng Y khoa,5,approved,Generated seed data,2026-06-05T01:40:35.695086,2026-06-05T01:40:35.695086,$2b$12$CFqCYG5oiNx7vJl6/DvPAOQX/OTP1C8L8fVz1YA3T7L.EeVlCxiK.
50,BS. Trần Kim Trang,tran.kim.trang55@medibook.vn,0900000050,001090000050,Ngoại thần kinh / Cột sống,CCHN-00050,9,Bằng Y khoa,5,approved,Generated seed data,2026-06-05T01:40:35.695111,2026-06-05T01:40:35.695111,$2b$12$CFqCYG5oiNx7vJl6/DvPAOQX/OTP1C8L8fVz1YA3T7L.EeVlCxiK.
51,BS. Bùi Văn Hùng,bui.van.hung53@medibook.vn,0900000051,001090000051,Da liễu,CCHN-00051,14,Bằng Y khoa,3,approved,Generated seed data,2026-06-05T01:40:35.695135,2026-06-05T01:40:35.695136,$2b$12$CFqCYG5oiNx7vJl6/DvPAOQX/OTP1C8L8fVz1YA3T7L.EeVlCxiK.
52,BS. Vũ Văn Trang,vu.van.trang97@medibook.vn,0900000052,001090000052,Dinh dưỡng,CCHN-00052,20,Bằng Y khoa,4,approved,Generated seed data,2026-06-05T01:40:35.695160,2026-06-05T01:40:35.695161,$2b$12$CFqCYG5oiNx7vJl6/DvPAOQX/OTP1C8L8fVz1YA3T7L.EeVlCxiK.
53,BS. Hồ Thị Lan,ho.thi.lan54@medibook.vn,0900000053,001090000053,Ung bướu / Tầm soát ung thư,CCHN-00053,14,Bằng Y khoa,3,approved,Generated seed data,2026-06-05T01:40:35.695186,2026-06-05T01:40:35.695187,$2b$12$CFqCYG5oiNx7vJl6/DvPAOQX/OTP1C8L8fVz1YA3T7L.EeVlCxiK.
54,BS. Phạm Hữu Hà,pham.huu.ha42@medibook.vn,0900000054,001090000054,Mắt,CCHN-00054,26,Bằng Y khoa,5,approved,Generated seed data,2026-06-05T01:40:35.695226,2026-06-05T01:40:35.695228,$2b$12$CFqCYG5oiNx7vJl6/DvPAOQX/OTP1C8L8fVz1YA3T7L.EeVlCxiK.
55,BS. Lý Thị Thảo,ly.thi.thao18@medibook.vn,0900000055,001090000055,Mắt,CCHN-00055,21,Bằng Y khoa,1,approved,Generated seed data,2026-06-05T01:40:35.695263,2026-06-05T01:40:35.695264,$2b$12$CFqCYG5oiNx7vJl6/DvPAOQX/OTP1C8L8fVz1YA3T7L.EeVlCxiK.
56,BS. Phan Hồng Giang,phan.hong.giang72@medibook.vn,0900000056,001090000056,Dinh dưỡng,CCHN-00056,31,Bằng Y khoa,1,approved,Generated seed data,2026-06-05T01:40:35.695464,2026-06-05T01:40:35.695467,$2b$12$CFqCYG5oiNx7vJl6/DvPAOQX/OTP1C8L8fVz1YA3T7L.EeVlCxiK.
57,BS. Ngô Thanh Tuấn,ngo.thanh.tuan40@medibook.vn,0900000057,001090000057,Dinh dưỡng,CCHN-00057,21,Bằng Y khoa,5,approved,Generated seed data,2026-06-05T01:40:35.695518,2026-06-05T01:40:35.695519,$2b$12$CFqCYG5oiNx7vJl6/DvPAOQX/OTP1C8L8fVz1YA3T7L.EeVlCxiK.
58,BS. Ngô Minh Thảo,ngo.minh.thao16@medibook.vn,0900000058,001090000058,Phục hồi chức năng,CCHN-00058,33,Bằng Y khoa,4,approved,Generated seed data,2026-06-05T01:40:35.695552,2026-06-05T01:40:35.695553,$2b$12$CFqCYG5oiNx7vJl6/DvPAOQX/OTP1C8L8fVz1YA3T7L.EeVlCxiK.
59,BS. Đặng Thị Tuấn,dặng.thi.tuan59@medibook.vn,0900000059,001090000059,Ung bướu / Tầm soát ung thư,CCHN-00059,4,Bằng Y khoa,5,approved,Generated seed data,2026-06-05T01:40:35.695582,2026-06-05T01:40:35.695583,$2b$12$CFqCYG5oiNx7vJl6/DvPAOQX/OTP1C8L8fVz1YA3T7L.EeVlCxiK.
60,BS. Đỗ Thanh Bình,do.thanh.binh94@medibook.vn,0900000060,001090000060,Nội tổng quát,CCHN-00060,4,Bằng Y khoa,3,approved,Generated seed data,2026-06-05T01:40:35.695609,2026-06-05T01:40:35.695610,$2b$12$CFqCYG5oiNx7vJl6/DvPAOQX/OTP1C8L8fVz1YA3T7L.EeVlCxiK.
61,BS. Hoàng Đức Vy,hoang.duc.vy34@medibook.vn,0900000061,001090000061,Hô hấp,CCHN-00061,30,Bằng Y khoa,1,approved,Generated seed data,2026-06-05T01:40:35.695636,2026-06-05T01:40:35.695637,$2b$12$CFqCYG5oiNx7vJl6/DvPAOQX/OTP1C8L8fVz1YA3T7L.EeVlCxiK.
62,BS. Võ Văn Lan,vo.van.lan18@medibook.vn,0900000062,001090000062,Nội tổng quát,CCHN-00062,21,Bằng Y khoa,1,approved,Generated seed data,2026-06-05T01:40:35.695663,2026-06-05T01:40:35.695664,$2b$12$CFqCYG5oiNx7vJl6/DvPAOQX/OTP1C8L8fVz1YA3T7L.EeVlCxiK.
63,BS. Phan Anh Tâm,phan.anh.tam82@medibook.vn,0900000063,001090000063,Tim mạch,CCHN-00063,19,Bằng Y khoa,1,approved,Generated seed data,2026-06-05T01:40:35.695689,2026-06-05T01:40:35.695690,$2b$12$CFqCYG5oiNx7vJl6/DvPAOQX/OTP1C8L8fVz1YA3T7L.EeVlCxiK.
64,BS. Đặng Thanh Lan,dặng.thanh.lan38@medibook.vn,0900000064,001090000064,Y học cổ truyền,CCHN-00064,30,Bằng Y khoa,1,approved,Generated seed data,2026-06-05T01:40:35.695716,2026-06-05T01:40:35.695716,$2b$12$CFqCYG5oiNx7vJl6/DvPAOQX/OTP1C8L8fVz1YA3T7L.EeVlCxiK.
65,BS. Lý Quang Sơn,ly.quang.son21@medibook.vn,0900000065,001090000065,Nội tiết,CCHN-00065,27,Bằng Y khoa,2,approved,Generated seed data,2026-06-05T01:40:35.695742,2026-06-05T01:40:35.695743,$2b$12$CFqCYG5oiNx7vJl6/DvPAOQX/OTP1C8L8fVz1YA3T7L.EeVlCxiK.
66,BS. Võ Thị Khánh,vo.thi.khanh52@medibook.vn,0900000066,001090000066,Tai Mũi Họng,CCHN-00066,28,Bằng Y khoa,1,approved,Generated seed data,2026-06-05T01:40:35.695781,2026-06-05T01:40:35.695782,$2b$12$CFqCYG5oiNx7vJl6/DvPAOQX/OTP1C8L8fVz1YA3T7L.EeVlCxiK.
67,BS. Nguyễn Đức Trang,nguyen.duc.trang56@medibook.vn,0900000067,001090000067,Ngoại thần kinh / Cột sống,CCHN-00067,21,Bằng Y khoa,5,approved,Generated seed data,2026-06-05T01:40:35.695808,2026-06-05T01:40:35.695810,$2b$12$CFqCYG5oiNx7vJl6/DvPAOQX/OTP1C8L8fVz1YA3T7L.EeVlCxiK.
68,BS. Hồ Hữu Dũng,ho.huu.dung49@medibook.vn,0900000068,001090000068,Nội tiết,CCHN-00068,17,Bằng Y khoa,5,approved,Generated seed data,2026-06-05T01:40:35.695836,2026-06-05T01:40:35.695838,$2b$12$CFqCYG5oiNx7vJl6/DvPAOQX/OTP1C8L8fVz1YA3T7L.EeVlCxiK.
69,BS. Phạm Anh Cường,pham.anh.cuong89@medibook.vn,0900000069,001090000069,Ung bướu / Tầm soát ung thư,CCHN-00069,4,Bằng Y khoa,1,approved,Generated seed data,2026-06-05T01:40:35.695865,2026-06-05T01:40:35.695866,$2b$12$CFqCYG5oiNx7vJl6/DvPAOQX/OTP1C8L8fVz1YA3T7L.EeVlCxiK.
70,BS. Đặng Đức Anh,dặng.duc.anh72@medibook.vn,0900000070,001090000070,Nội tổng quát,CCHN-00070,5,Bằng Y khoa,3,approved,Generated seed data,2026-06-05T01:40:35.695894,2026-06-05T01:40:35.695895,$2b$12$CFqCYG5oiNx7vJl6/DvPAOQX/OTP1C8L8fVz1YA3T7L.EeVlCxiK.
71,BS. Võ Anh Hùng,vo.anh.hung82@medibook.vn,0900000071,001090000071,Ung bướu / Tầm soát ung thư,CCHN-00071,32,Bằng Y khoa,2,approved,Generated seed data,2026-06-05T01:40:35.695920,2026-06-05T01:40:35.695921,$2b$12$CFqCYG5oiNx7vJl6/DvPAOQX/OTP1C8L8fVz1YA3T7L.EeVlCxiK.
72,BS. Nguyễn Thị Thảo,nguyen.thi.thao14@medibook.vn,0900000072,001090000072,Tai Mũi Họng,CCHN-00072,34,Bằng Y khoa,3,approved,Generated seed data,2026-06-05T01:40:35.695946,2026-06-05T01:40:35.695947,$2b$12$CFqCYG5oiNx7vJl6/DvPAOQX/OTP1C8L8fVz1YA3T7L.EeVlCxiK.
73,BS. Lý Đức Anh,ly.duc.anh21@medibook.vn,0900000073,001090000073,Y học cổ truyền,CCHN-00073,31,Bằng Y khoa,3,approved,Generated seed data,2026-06-05T01:40:35.695975,2026-06-05T01:40:35.695976,$2b$12$CFqCYG5oiNx7vJl6/DvPAOQX/OTP1C8L8fVz1YA3T7L.EeVlCxiK.
74,BS. Ngô Thị Nam,ngo.thi.nam35@medibook.vn,0900000074,001090000074,Tai Mũi Họng,CCHN-00074,26,Bằng Y khoa,2,approved,Generated seed data,2026-06-05T01:40:35.696003,2026-06-05T01:40:35.696004,$2b$12$CFqCYG5oiNx7vJl6/DvPAOQX/OTP1C8L8fVz1YA3T7L.EeVlCxiK.
75,BS. Võ Anh Phong,vo.anh.phong74@medibook.vn,0900000075,001090000075,Ung bướu / Tầm soát ung thư,CCHN-00075,9,Bằng Y khoa,3,approved,Generated seed data,2026-06-05T01:40:35.696030,2026-06-05T01:40:35.696031,$2b$12$CFqCYG5oiNx7vJl6/DvPAOQX/OTP1C8L8fVz1YA3T7L.EeVlCxiK.
76,BS. Phan Kim Huy,phan.kim.huy80@medibook.vn,0900000076,001090000076,Thận - Tiết niệu,CCHN-00076,5,Bằng Y khoa,5,approved,Generated seed data,2026-06-05T01:40:35.696058,2026-06-05T01:40:35.696059,$2b$12$CFqCYG5oiNx7vJl6/DvPAOQX/OTP1C8L8fVz1YA3T7L.EeVlCxiK.
77,BS. Vũ Đức Giang,vu.duc.giang25@medibook.vn,0900000077,001090000077,Tiêu hóa - Gan mật,CCHN-00077,28,Bằng Y khoa,1,approved,Generated seed data,2026-06-05T01:40:35.696086,2026-06-05T01:40:35.696087,$2b$12$CFqCYG5oiNx7vJl6/DvPAOQX/OTP1C8L8fVz1YA3T7L.EeVlCxiK.
78,BS. Phạm Hữu Hà,pham.huu.ha72@medibook.vn,0900000078,001090000078,Ngoại thần kinh / Cột sống,CCHN-00078,32,Bằng Y khoa,2,approved,Generated seed data,2026-06-05T01:40:35.696114,2026-06-05T01:40:35.696114,$2b$12$CFqCYG5oiNx7vJl6/DvPAOQX/OTP1C8L8fVz1YA3T7L.EeVlCxiK.
79,BS. Hoàng Quang Vy,hoang.quang.vy12@medibook.vn,0900000079,001090000079,Tim mạch,CCHN-00079,4,Bằng Y khoa,1,approved,Generated seed data,2026-06-05T01:40:35.696140,2026-06-05T01:40:35.696141,$2b$12$CFqCYG5oiNx7vJl6/DvPAOQX/OTP1C8L8fVz1YA3T7L.EeVlCxiK.
80,BS. Ngô Đức Vy,ngo.duc.vy49@medibook.vn,0900000080,001090000080,Thần kinh,CCHN-00080,20,Bằng Y khoa,2,approved,Generated seed data,2026-06-05T01:40:35.696166,2026-06-05T01:40:35.696167,$2b$12$CFqCYG5oiNx7vJl6/DvPAOQX/OTP1C8L8fVz1YA3T7L.EeVlCxiK.
81,BS. Phạm Kim Trang,pham.kim.trang18@medibook.vn,0900000081,001090000081,Y học cổ truyền,CCHN-00081,28,Bằng Y khoa,4,approved,Generated seed data,2026-06-05T01:40:35.696191,2026-06-05T01:40:35.696192,$2b$12$CFqCYG5oiNx7vJl6/DvPAOQX/OTP1C8L8fVz1YA3T7L.EeVlCxiK.
82,BS. Đỗ Anh Minh,do.anh.minh80@medibook.vn,0900000082,001090000082,Tai Mũi Họng,CCHN-00082,27,Bằng Y khoa,5,approved,Generated seed data,2026-06-05T01:40:35.696217,2026-06-05T01:40:35.696217,$2b$12$CFqCYG5oiNx7vJl6/DvPAOQX/OTP1C8L8fVz1YA3T7L.EeVlCxiK.
83,BS. Nguyễn Văn Sơn,nguyen.van.son37@medibook.vn,0900000083,001090000083,Y học cổ truyền,CCHN-00083,19,Bằng Y khoa,5,approved,Generated seed data,2026-06-05T01:40:35.696241,2026-06-05T01:40:35.696242,$2b$12$CFqCYG5oiNx7vJl6/DvPAOQX/OTP1C8L8fVz1YA3T7L.EeVlCxiK.
84,BS. Lê Quốc Yến,lc.quoc.yen89@medibook.vn,0900000084,001090000084,Dinh dưỡng,CCHN-00084,10,Bằng Y khoa,5,approved,Generated seed data,2026-06-05T01:40:35.696266,2026-06-05T01:40:35.696266,$2b$12$CFqCYG5oiNx7vJl6/DvPAOQX/OTP1C8L8fVz1YA3T7L.EeVlCxiK.
85,BS. Hồ Thanh Hà,ho.thanh.ha99@medibook.vn,0900000085,001090000085,Nội tiết,CCHN-00085,26,Bằng Y khoa,5,approved,Generated seed data,2026-06-05T01:40:35.696290,2026-06-05T01:40:35.696291,$2b$12$CFqCYG5oiNx7vJl6/DvPAOQX/OTP1C8L8fVz1YA3T7L.EeVlCxiK.
86,BS. Đặng Đức Tuấn,dặng.duc.tuan83@medibook.vn,0900000086,001090000086,Sản phụ khoa,CCHN-00086,21,Bằng Y khoa,4,approved,Generated seed data,2026-06-05T01:40:35.696321,2026-06-05T01:40:35.696322,$2b$12$CFqCYG5oiNx7vJl6/DvPAOQX/OTP1C8L8fVz1YA3T7L.EeVlCxiK.
87,BS. Trần Kim Trang,tran.kim.trang42@medibook.vn,0900000087,001090000087,Ngoại thần kinh / Cột sống,CCHN-00087,29,Bằng Y khoa,5,approved,Generated seed data,2026-06-05T01:40:35.696345,2026-06-05T01:40:35.696346,$2b$12$CFqCYG5oiNx7vJl6/DvPAOQX/OTP1C8L8fVz1YA3T7L.EeVlCxiK.
88,BS. Lý Hồng Dũng,ly.hong.dung66@medibook.vn,0900000088,001090000088,Ngoại tổng quát,CCHN-00088,28,Bằng Y khoa,2,approved,Generated seed data,2026-06-05T01:40:35.696371,2026-06-05T01:40:35.696371,$2b$12$CFqCYG5oiNx7vJl6/DvPAOQX/OTP1C8L8fVz1YA3T7L.EeVlCxiK.
89,BS. Đỗ Thị Nam,do.thi.nam31@medibook.vn,0900000089,001090000089,Y học cổ truyền,CCHN-00089,5,Bằng Y khoa,3,approved,Generated seed data,2026-06-05T01:40:35.696397,2026-06-05T01:40:35.696398,$2b$12$CFqCYG5oiNx7vJl6/DvPAOQX/OTP1C8L8fVz1YA3T7L.EeVlCxiK.
90,BS. Nguyễn Quốc Linh,nguyen.quoc.linh21@medibook.vn,0900000090,001090000090,Răng Hàm Mặt,CCHN-00090,25,Bằng Y khoa,4,approved,Generated seed data,2026-06-05T01:40:35.696422,2026-06-05T01:40:35.696423,$2b$12$CFqCYG5oiNx7vJl6/DvPAOQX/OTP1C8L8fVz1YA3T7L.EeVlCxiK.
91,BS. Hoàng Anh Tâm,hoang.anh.tam27@medibook.vn,0900000091,001090000091,Tiêu hóa - Gan mật,CCHN-00091,6,Bằng Y khoa,1,approved,Generated seed data,2026-06-05T01:40:35.696448,2026-06-05T01:40:35.696449,$2b$12$CFqCYG5oiNx7vJl6/DvPAOQX/OTP1C8L8fVz1YA3T7L.EeVlCxiK.
92,BS. Lê Kim Hải,lc.kim.hai88@medibook.vn,0900000092,001090000092,Thận - Tiết niệu,CCHN-00092,3,Bằng Y khoa,1,approved,Generated seed data,2026-06-05T01:40:35.696476,2026-06-05T01:40:35.696477,$2b$12$CFqCYG5oiNx7vJl6/DvPAOQX/OTP1C8L8fVz1YA3T7L.EeVlCxiK.
93,BS. Võ Đức Vy,vo.duc.vy30@medibook.vn,0900000093,001090000093,Tiêu hóa - Gan mật,CCHN-00093,6,Bằng Y khoa,5,approved,Generated seed data,2026-06-05T01:40:35.696503,2026-06-05T01:40:35.696504,$2b$12$CFqCYG5oiNx7vJl6/DvPAOQX/OTP1C8L8fVz1YA3T7L.EeVlCxiK.
94,BS. Đỗ Đức Sơn,do.duc.son12@medibook.vn,0900000094,001090000094,Thần kinh,CCHN-00094,25,Bằng Y khoa,4,approved,Generated seed data,2026-06-05T01:40:35.696529,2026-06-05T01:40:35.696530,$2b$12$CFqCYG5oiNx7vJl6/DvPAOQX/OTP1C8L8fVz1YA3T7L.EeVlCxiK.
95,BS. Lê Kim Phương,lc.kim.phuong46@medibook.vn,0900000095,001090000095,Răng Hàm Mặt,CCHN-00095,28,Bằng Y khoa,2,approved,Generated seed data,2026-06-05T01:40:35.696554,2026-06-05T01:40:35.696555,$2b$12$CFqCYG5oiNx7vJl6/DvPAOQX/OTP1C8L8fVz1YA3T7L.EeVlCxiK.
96,BS. Phạm Minh Sơn,pham.minh.son87@medibook.vn,0900000096,001090000096,Tai Mũi Họng,CCHN-00096,25,Bằng Y khoa,2,approved,Generated seed data,2026-06-05T01:40:35.696581,2026-06-05T01:40:35.696582,$2b$12$CFqCYG5oiNx7vJl6/DvPAOQX/OTP1C8L8fVz1YA3T7L.EeVlCxiK.
97,BS. Lý Thanh Minh,ly.thanh.minh53@medibook.vn,0900000097,001090000097,Sức khỏe tâm thần,CCHN-00097,31,Bằng Y khoa,3,approved,Generated seed data,2026-06-05T01:40:35.696605,2026-06-05T01:40:35.696606,$2b$12$CFqCYG5oiNx7vJl6/DvPAOQX/OTP1C8L8fVz1YA3T7L.EeVlCxiK.
98,BS. Hoàng Quang Nam,hoang.quang.nam84@medibook.vn,0900000098,001090000098,Nhi khoa,CCHN-00098,27,Bằng Y khoa,2,approved,Generated seed data,2026-06-05T01:40:35.696631,2026-06-05T01:40:35.696632,$2b$12$CFqCYG5oiNx7vJl6/DvPAOQX/OTP1C8L8fVz1YA3T7L.EeVlCxiK.
99,BS. Dương Kim Tâm,duong.kim.tam79@medibook.vn,0900000099,001090000099,Tim mạch,CCHN-00099,28,Bằng Y khoa,5,approved,Generated seed data,2026-06-05T01:40:35.696658,2026-06-05T01:40:35.696660,$2b$12$CFqCYG5oiNx7vJl6/DvPAOQX/OTP1C8L8fVz1YA3T7L.EeVlCxiK.
100,BS. Võ Quang Cường,vo.quang.cuong53@medibook.vn,0900000100,001090000100,Tiêu hóa - Gan mật,CCHN-00100,14,Bằng Y khoa,1,approved,Generated seed data,2026-06-05T01:40:35.696740,2026-06-05T01:40:35.696742,$2b$12$CFqCYG5oiNx7vJl6/DvPAOQX/OTP1C8L8fVz1YA3T7L.EeVlCxiK.
101,BS. Trần Hữu Bình,tran.huu.binh58@medibook.vn,0900000101,001090000101,Tim mạch,CCHN-00101,7,Bằng Y khoa,4,approved,Generated seed data,2026-06-05T01:40:35.696786,2026-06-05T01:40:35.696787,$2b$12$CFqCYG5oiNx7vJl6/DvPAOQX/OTP1C8L8fVz1YA3T7L.EeVlCxiK.
102,BS. Phan Thanh Tuấn,phan.thanh.tuan98@medibook.vn,0900000102,001090000102,Sức khỏe tâm thần,CCHN-00102,27,Bằng Y khoa,5,approved,Generated seed data,2026-06-05T01:40:35.696814,2026-06-05T01:40:35.696815,$2b$12$CFqCYG5oiNx7vJl6/DvPAOQX/OTP1C8L8fVz1YA3T7L.EeVlCxiK.
103,BS. Dương Anh Bình,duong.anh.binh63@medibook.vn,0900000103,001090000103,Sản phụ khoa,CCHN-00103,10,Bằng Y khoa,1,approved,Generated seed data,2026-06-05T01:40:35.696841,2026-06-05T01:40:35.696842,$2b$12$CFqCYG5oiNx7vJl6/DvPAOQX/OTP1C8L8fVz1YA3T7L.EeVlCxiK.
104,BS. Lê Hữu Dũng,lc.huu.dung23@medibook.vn,0900000104,001090000104,Thận - Tiết niệu,CCHN-00104,6,Bằng Y khoa,4,approved,Generated seed data,2026-06-05T01:40:35.696867,2026-06-05T01:40:35.696868,$2b$12$CFqCYG5oiNx7vJl6/DvPAOQX/OTP1C8L8fVz1YA3T7L.EeVlCxiK.
105,BS. Lê Hữu Nam,lc.huu.nam92@medibook.vn,0900000105,001090000105,Tim mạch,CCHN-00105,20,Bằng Y khoa,3,approved,Generated seed data,2026-06-05T01:40:35.696895,2026-06-05T01:40:35.696896,$2b$12$CFqCYG5oiNx7vJl6/DvPAOQX/OTP1C8L8fVz1YA3T7L.EeVlCxiK.
106,BS. Phan Kim Minh,phan.kim.minh88@medibook.vn,0900000106,001090000106,Răng Hàm Mặt,CCHN-00106,12,Bằng Y khoa,2,approved,Generated seed data,2026-06-05T01:40:35.696924,2026-06-05T01:40:35.696925,$2b$12$CFqCYG5oiNx7vJl6/DvPAOQX/OTP1C8L8fVz1YA3T7L.EeVlCxiK.
107,BS. Dương Thanh Hải,duong.thanh.hai95@medibook.vn,0900000107,001090000107,Y học cổ truyền,CCHN-00107,15,Bằng Y khoa,2,approved,Generated seed data,2026-06-05T01:40:35.696950,2026-06-05T01:40:35.696951,$2b$12$CFqCYG5oiNx7vJl6/DvPAOQX/OTP1C8L8fVz1YA3T7L.EeVlCxiK.
108,BS. Võ Minh Giang,vo.minh.giang94@medibook.vn,0900000108,001090000108,Ngoại thần kinh / Cột sống,CCHN-00108,28,Bằng Y khoa,1,approved,Generated seed data,2026-06-05T01:40:35.696976,2026-06-05T01:40:35.696976,$2b$12$CFqCYG5oiNx7vJl6/DvPAOQX/OTP1C8L8fVz1YA3T7L.EeVlCxiK.
109,BS. Lê Hữu Yến,lc.huu.yen40@medibook.vn,0900000109,001090000109,Tai Mũi Họng,CCHN-00109,7,Bằng Y khoa,3,approved,Generated seed data,2026-06-05T01:40:35.697001,2026-06-05T01:40:35.697002,$2b$12$CFqCYG5oiNx7vJl6/DvPAOQX/OTP1C8L8fVz1YA3T7L.EeVlCxiK.
110,BS. Nguyễn Thị Phương,nguyen.thi.phuong32@medibook.vn,0900000110,001090000110,Y học cổ truyền,CCHN-00110,33,Bằng Y khoa,1,approved,Generated seed data,2026-06-05T01:40:35.697030,2026-06-05T01:40:35.697031,$2b$12$CFqCYG5oiNx7vJl6/DvPAOQX/OTP1C8L8fVz1YA3T7L.EeVlCxiK.
111,BS. Bùi Quang Phương,bui.quang.phuong36@medibook.vn,0900000111,001090000111,Ngoại tổng quát,CCHN-00111,7,Bằng Y khoa,2,approved,Generated seed data,2026-06-05T01:40:35.697056,2026-06-05T01:40:35.697057,$2b$12$CFqCYG5oiNx7vJl6/DvPAOQX/OTP1C8L8fVz1YA3T7L.EeVlCxiK.
112,BS. Trần Minh Tuấn,tran.minh.tuan40@medibook.vn,0900000112,001090000112,Mắt,CCHN-00112,17,Bằng Y khoa,5,approved,Generated seed data,2026-06-05T01:40:35.697084,2026-06-05T01:40:35.697085,$2b$12$CFqCYG5oiNx7vJl6/DvPAOQX/OTP1C8L8fVz1YA3T7L.EeVlCxiK.
113,BS. Nguyễn Đức Cường,nguyen.duc.cuong48@medibook.vn,0900000113,001090000113,Ngoại chấn thương chỉnh hình,CCHN-00113,30,Bằng Y khoa,1,approved,Generated seed data,2026-06-05T01:40:35.697111,2026-06-05T01:40:35.697112,$2b$12$CFqCYG5oiNx7vJl6/DvPAOQX/OTP1C8L8fVz1YA3T7L.EeVlCxiK.
114,BS. Lý Hồng Hà,ly.hong.ha91@medibook.vn,0900000114,001090000114,Thận - Tiết niệu,CCHN-00114,3,Bằng Y khoa,1,approved,Generated seed data,2026-06-05T01:40:35.697138,2026-06-05T01:40:35.697139,$2b$12$CFqCYG5oiNx7vJl6/DvPAOQX/OTP1C8L8fVz1YA3T7L.EeVlCxiK.
115,BS. Phan Quốc Linh,phan.quoc.linh87@medibook.vn,0900000115,001090000115,Nội tiết,CCHN-00115,8,Bằng Y khoa,5,approved,Generated seed data,2026-06-05T01:40:35.697164,2026-06-05T01:40:35.697165,$2b$12$CFqCYG5oiNx7vJl6/DvPAOQX/OTP1C8L8fVz1YA3T7L.EeVlCxiK.
116,BS. Nguyễn Quang Sơn,nguyen.quang.son14@medibook.vn,0900000116,001090000116,Hô hấp,CCHN-00116,23,Bằng Y khoa,5,approved,Generated seed data,2026-06-05T01:40:35.697192,2026-06-05T01:40:35.697194,$2b$12$CFqCYG5oiNx7vJl6/DvPAOQX/OTP1C8L8fVz1YA3T7L.EeVlCxiK.
117,BS. Lê Thị Thảo,lc.thi.thao93@medibook.vn,0900000117,001090000117,Nhi khoa,CCHN-00117,19,Bằng Y khoa,3,approved,Generated seed data,2026-06-05T01:40:35.697221,2026-06-05T01:40:35.697222,$2b$12$CFqCYG5oiNx7vJl6/DvPAOQX/OTP1C8L8fVz1YA3T7L.EeVlCxiK.
118,BS. Đỗ Quốc Trang,do.quoc.trang42@medibook.vn,0900000118,001090000118,Tai Mũi Họng,CCHN-00118,34,Bằng Y khoa,2,approved,Generated seed data,2026-06-05T01:40:35.697246,2026-06-05T01:40:35.697247,$2b$12$CFqCYG5oiNx7vJl6/DvPAOQX/OTP1C8L8fVz1YA3T7L.EeVlCxiK.
119,BS. Dương Quốc Phương,duong.quoc.phuong42@medibook.vn,0900000119,001090000119,Sản phụ khoa,CCHN-00119,3,Bằng Y khoa,3,approved,Generated seed data,2026-06-05T01:40:35.697271,2026-06-05T01:40:35.697272,$2b$12$CFqCYG5oiNx7vJl6/DvPAOQX/OTP1C8L8fVz1YA3T7L.EeVlCxiK.
120,BS. Phạm Anh Hùng,pham.anh.hung39@medibook.vn,0900000120,001090000120,Tim mạch,CCHN-00120,32,Bằng Y khoa,1,approved,Generated seed data,2026-06-05T01:40:35.697296,2026-06-05T01:40:35.697297,$2b$12$CFqCYG5oiNx7vJl6/DvPAOQX/OTP1C8L8fVz1YA3T7L.EeVlCxiK.
121,BS. Đỗ Thanh Nam,do.thanh.nam99@medibook.vn,0900000121,001090000121,Tai Mũi Họng,CCHN-00121,6,Bằng Y khoa,2,approved,Generated seed data,2026-06-05T01:40:35.697325,2026-06-05T01:40:35.697326,$2b$12$CFqCYG5oiNx7vJl6/DvPAOQX/OTP1C8L8fVz1YA3T7L.EeVlCxiK.
122,BS. Đặng Thị Anh,dặng.thi.anh80@medibook.vn,0900000122,001090000122,Mắt,CCHN-00122,33,Bằng Y khoa,2,approved,Generated seed data,2026-06-05T01:40:35.697351,2026-06-05T01:40:35.697352,$2b$12$CFqCYG5oiNx7vJl6/DvPAOQX/OTP1C8L8fVz1YA3T7L.EeVlCxiK.
123,BS. Đặng Thanh Lan,dặng.thanh.lan24@medibook.vn,0900000123,001090000123,Sản phụ khoa,CCHN-00123,15,Bằng Y khoa,4,approved,Generated seed data,2026-06-05T01:40:35.697375,2026-06-05T01:40:35.697376,$2b$12$CFqCYG5oiNx7vJl6/DvPAOQX/OTP1C8L8fVz1YA3T7L.EeVlCxiK.
124,BS. Hoàng Hồng Phương,hoang.hong.phuong27@medibook.vn,0900000124,001090000124,Dinh dưỡng,CCHN-00124,28,Bằng Y khoa,4,approved,Generated seed data,2026-06-05T01:40:35.697462,2026-06-05T01:40:35.697467,$2b$12$CFqCYG5oiNx7vJl6/DvPAOQX/OTP1C8L8fVz1YA3T7L.EeVlCxiK.
125,BS. Lê Hồng Dũng,lc.hong.dung76@medibook.vn,0900000125,001090000125,Ngoại chấn thương chỉnh hình,CCHN-00125,32,Bằng Y khoa,2,approved,Generated seed data,2026-06-05T01:40:35.697550,2026-06-05T01:40:35.697551,$2b$12$CFqCYG5oiNx7vJl6/DvPAOQX/OTP1C8L8fVz1YA3T7L.EeVlCxiK.
126,BS. Phan Anh Hùng,phan.anh.hung33@medibook.vn,0900000126,001090000126,Ung bướu / Tầm soát ung thư,CCHN-00126,21,Bằng Y khoa,2,approved,Generated seed data,2026-06-05T01:40:35.697597,2026-06-05T01:40:35.697598,$2b$12$CFqCYG5oiNx7vJl6/DvPAOQX/OTP1C8L8fVz1YA3T7L.EeVlCxiK.
127,BS. Đặng Hồng Tâm,dặng.hong.tam37@medibook.vn,0900000127,001090000127,Sức khỏe tâm thần,CCHN-00127,32,Bằng Y khoa,1,approved,Generated seed data,2026-06-05T01:40:35.697629,2026-06-05T01:40:35.697630,$2b$12$CFqCYG5oiNx7vJl6/DvPAOQX/OTP1C8L8fVz1YA3T7L.EeVlCxiK.
128,BS. Trần Minh Minh,tran.minh.minh40@medibook.vn,0900000128,001090000128,Tiêu hóa - Gan mật,CCHN-00128,22,Bằng Y khoa,5,approved,Generated seed data,2026-06-05T01:40:35.697658,2026-06-05T01:40:35.697659,$2b$12$CFqCYG5oiNx7vJl6/DvPAOQX/OTP1C8L8fVz1YA3T7L.EeVlCxiK.
129,BS. Đỗ Anh Anh,do.anh.anh67@medibook.vn,0900000129,001090000129,Nội tiết,CCHN-00129,10,Bằng Y khoa,4,approved,Generated seed data,2026-06-05T01:40:35.697684,2026-06-05T01:40:35.697685,$2b$12$CFqCYG5oiNx7vJl6/DvPAOQX/OTP1C8L8fVz1YA3T7L.EeVlCxiK.
130,BS. Phạm Quang Dũng,pham.quang.dung72@medibook.vn,0900000130,001090000130,Ung bướu / Tầm soát ung thư,CCHN-00130,13,Bằng Y khoa,1,approved,Generated seed data,2026-06-05T01:40:35.697711,2026-06-05T01:40:35.697712,$2b$12$CFqCYG5oiNx7vJl6/DvPAOQX/OTP1C8L8fVz1YA3T7L.EeVlCxiK.
131,BS. Hoàng Quốc Thảo,hoang.quoc.thao29@medibook.vn,0900000131,001090000131,Ngoại tổng quát,CCHN-00131,10,Bằng Y khoa,3,approved,Generated seed data,2026-06-05T01:40:35.697737,2026-06-05T01:40:35.697738,$2b$12$CFqCYG5oiNx7vJl6/DvPAOQX/OTP1C8L8fVz1YA3T7L.EeVlCxiK.
132,BS. Hoàng Hồng Yến,hoang.hong.yen51@medibook.vn,0900000132,001090000132,Sức khỏe tâm thần,CCHN-00132,15,Bằng Y khoa,5,approved,Generated seed data,2026-06-05T01:40:35.697763,2026-06-05T01:40:35.697764,$2b$12$CFqCYG5oiNx7vJl6/DvPAOQX/OTP1C8L8fVz1YA3T7L.EeVlCxiK.
133,BS. Võ Kim Tâm,vo.kim.tam52@medibook.vn,0900000133,001090000133,Ngoại tổng quát,CCHN-00133,17,Bằng Y khoa,2,approved,Generated seed data,2026-06-05T01:40:35.697788,2026-06-05T01:40:35.697789,$2b$12$CFqCYG5oiNx7vJl6/DvPAOQX/OTP1C8L8fVz1YA3T7L.EeVlCxiK.
134,BS. Bùi Văn Trang,bui.van.trang67@medibook.vn,0900000134,001090000134,Tai Mũi Họng,CCHN-00134,32,Bằng Y khoa,1,approved,Generated seed data,2026-06-05T01:40:35.697814,2026-06-05T01:40:35.697815,$2b$12$CFqCYG5oiNx7vJl6/DvPAOQX/OTP1C8L8fVz1YA3T7L.EeVlCxiK.
135,BS. Phan Hữu Yến,phan.huu.yen90@medibook.vn,0900000135,001090000135,Dinh dưỡng,CCHN-00135,20,Bằng Y khoa,1,approved,Generated seed data,2026-06-05T01:40:35.697840,2026-06-05T01:40:35.697840,$2b$12$CFqCYG5oiNx7vJl6/DvPAOQX/OTP1C8L8fVz1YA3T7L.EeVlCxiK.
136,BS. Trần Hồng Phương,tran.hong.phuong55@medibook.vn,0900000136,001090000136,Nhi khoa,CCHN-00136,34,Bằng Y khoa,1,approved,Generated seed data,2026-06-05T01:40:35.697866,2026-06-05T01:40:35.697867,$2b$12$CFqCYG5oiNx7vJl6/DvPAOQX/OTP1C8L8fVz1YA3T7L.EeVlCxiK.
137,BS. Nguyễn Kim Cường,nguyen.kim.cuong29@medibook.vn,0900000137,001090000137,Cơ xương khớp,CCHN-00137,25,Bằng Y khoa,5,approved,Generated seed data,2026-06-05T01:40:35.698108,2026-06-05T01:40:35.698112,$2b$12$CFqCYG5oiNx7vJl6/DvPAOQX/OTP1C8L8fVz1YA3T7L.EeVlCxiK.
138,BS. Phạm Minh Cường,pham.minh.cuong84@medibook.vn,0900000138,001090000138,Hô hấp,CCHN-00138,26,Bằng Y khoa,5,approved,Generated seed data,2026-06-05T01:40:35.698199,2026-06-05T01:40:35.698200,$2b$12$CFqCYG5oiNx7vJl6/DvPAOQX/OTP1C8L8fVz1YA3T7L.EeVlCxiK.
139,BS. Bùi Minh Yến,bui.minh.yen41@medibook.vn,0900000139,001090000139,Mắt,CCHN-00139,7,Bằng Y khoa,4,approved,Generated seed data,2026-06-05T01:40:35.698337,2026-06-05T01:40:35.698341,$2b$12$CFqCYG5oiNx7vJl6/DvPAOQX/OTP1C8L8fVz1YA3T7L.EeVlCxiK.
140,BS. Trần Kim Phương,tran.kim.phuong68@medibook.vn,0900000140,001090000140,Nội tổng quát,CCHN-00140,33,Bằng Y khoa,2,approved,Generated seed data,2026-06-05T01:40:35.698418,2026-06-05T01:40:35.698420,$2b$12$CFqCYG5oiNx7vJl6/DvPAOQX/OTP1C8L8fVz1YA3T7L.EeVlCxiK.
141,BS. Phan Quốc Khánh,phan.quoc.khanh74@medibook.vn,0900000141,001090000141,Tai Mũi Họng,CCHN-00141,26,Bằng Y khoa,4,approved,Generated seed data,2026-06-05T01:40:35.698459,2026-06-05T01:40:35.698460,$2b$12$CFqCYG5oiNx7vJl6/DvPAOQX/OTP1C8L8fVz1YA3T7L.EeVlCxiK.
142,BS. Dương Thanh Minh,duong.thanh.minh13@medibook.vn,0900000142,001090000142,Tim mạch,CCHN-00142,23,Bằng Y khoa,1,approved,Generated seed data,2026-06-05T01:40:35.698490,2026-06-05T01:40:35.698492,$2b$12$CFqCYG5oiNx7vJl6/DvPAOQX/OTP1C8L8fVz1YA3T7L.EeVlCxiK.
143,BS. Đỗ Văn Tuấn,do.van.tuan90@medibook.vn,0900000143,001090000143,Mắt,CCHN-00143,33,Bằng Y khoa,5,approved,Generated seed data,2026-06-05T01:40:35.698524,2026-06-05T01:40:35.698525,$2b$12$CFqCYG5oiNx7vJl6/DvPAOQX/OTP1C8L8fVz1YA3T7L.EeVlCxiK.
144,BS. Đỗ Anh Vy,do.anh.vy61@medibook.vn,0900000144,001090000144,Dinh dưỡng,CCHN-00144,17,Bằng Y khoa,2,approved,Generated seed data,2026-06-05T01:40:35.698553,2026-06-05T01:40:35.698555,$2b$12$CFqCYG5oiNx7vJl6/DvPAOQX/OTP1C8L8fVz1YA3T7L.EeVlCxiK.
145,BS. Hoàng Thị Giang,hoang.thi.giang72@medibook.vn,0900000145,001090000145,Răng Hàm Mặt,CCHN-00145,10,Bằng Y khoa,2,approved,Generated seed data,2026-06-05T01:40:35.698580,2026-06-05T01:40:35.698581,$2b$12$CFqCYG5oiNx7vJl6/DvPAOQX/OTP1C8L8fVz1YA3T7L.EeVlCxiK.
146,BS. Trần Kim Linh,tran.kim.linh52@medibook.vn,0900000146,001090000146,Ngoại chấn thương chỉnh hình,CCHN-00146,28,Bằng Y khoa,2,approved,Generated seed data,2026-06-05T01:40:35.698608,2026-06-05T01:40:35.698609,$2b$12$CFqCYG5oiNx7vJl6/DvPAOQX/OTP1C8L8fVz1YA3T7L.EeVlCxiK.
147,BS. Bùi Thị Sơn,bui.thi.son33@medibook.vn,0900000147,001090000147,Tai Mũi Họng,CCHN-00147,11,Bằng Y khoa,4,approved,Generated seed data,2026-06-05T01:40:35.698634,2026-06-05T01:40:35.698635,$2b$12$CFqCYG5oiNx7vJl6/DvPAOQX/OTP1C8L8fVz1YA3T7L.EeVlCxiK.
148,BS. Nguyễn Kim Vy,nguyen.kim.vy98@medibook.vn,0900000148,001090000148,Tai Mũi Họng,CCHN-00148,13,Bằng Y khoa,1,approved,Generated seed data,2026-06-05T01:40:35.698661,2026-06-05T01:40:35.698662,$2b$12$CFqCYG5oiNx7vJl6/DvPAOQX/OTP1C8L8fVz1YA3T7L.EeVlCxiK.
149,BS. Đặng Đức Yến,dặng.duc.yen52@medibook.vn,0900000149,001090000149,Da liễu,CCHN-00149,3,Bằng Y khoa,4,approved,Generated seed data,2026-06-05T01:40:35.698686,2026-06-05T01:40:35.698687,$2b$12$CFqCYG5oiNx7vJl6/DvPAOQX/OTP1C8L8fVz1YA3T7L.EeVlCxiK.
150,BS. Lý Thanh Phương,ly.thanh.phuong54@medibook.vn,0900000150,001090000150,Ngoại tổng quát,CCHN-00150,7,Bằng Y khoa,2,approved,Generated seed data,2026-06-05T01:40:35.698713,2026-06-05T01:40:35.698714,$2b$12$CFqCYG5oiNx7vJl6/DvPAOQX/OTP1C8L8fVz1YA3T7L.EeVlCxiK.
151,BS. Hồ Anh Hùng,ho.anh.hung30@medibook.vn,0900000151,001090000151,Dinh dưỡng,CCHN-00151,4,Bằng Y khoa,3,approved,Generated seed data,2026-06-05T01:40:35.698738,2026-06-05T01:40:35.698739,$2b$12$CFqCYG5oiNx7vJl6/DvPAOQX/OTP1C8L8fVz1YA3T7L.EeVlCxiK.
152,BS. Lê Quang Hải,lc.quang.hai68@medibook.vn,0900000152,001090000152,Tim mạch,CCHN-00152,14,Bằng Y khoa,5,approved,Generated seed data,2026-06-05T01:40:35.698763,2026-06-05T01:40:35.698764,$2b$12$CFqCYG5oiNx7vJl6/DvPAOQX/OTP1C8L8fVz1YA3T7L.EeVlCxiK.
153,BS. Hoàng Thị Hùng,hoang.thi.hung59@medibook.vn,0900000153,001090000153,Sản phụ khoa,CCHN-00153,26,Bằng Y khoa,4,approved,Generated seed data,2026-06-05T01:40:35.698788,2026-06-05T01:40:35.698789,$2b$12$CFqCYG5oiNx7vJl6/DvPAOQX/OTP1C8L8fVz1YA3T7L.EeVlCxiK.
154,BS. Vũ Hữu Tâm,vu.huu.tam85@medibook.vn,0900000154,001090000154,Sức khỏe tâm thần,CCHN-00154,9,Bằng Y khoa,3,approved,Generated seed data,2026-06-05T01:40:35.698817,2026-06-05T01:40:35.698818,$2b$12$CFqCYG5oiNx7vJl6/DvPAOQX/OTP1C8L8fVz1YA3T7L.EeVlCxiK.
155,BS. Đỗ Thị Yến,do.thi.yen34@medibook.vn,0900000155,001090000155,Ngoại chấn thương chỉnh hình,CCHN-00155,11,Bằng Y khoa,3,approved,Generated seed data,2026-06-05T01:40:35.698846,2026-06-05T01:40:35.698847,$2b$12$CFqCYG5oiNx7vJl6/DvPAOQX/OTP1C8L8fVz1YA3T7L.EeVlCxiK.
156,BS. Phan Thị Khánh,phan.thi.khanh11@medibook.vn,0900000156,001090000156,Y học cổ truyền,CCHN-00156,30,Bằng Y khoa,5,approved,Generated seed data,2026-06-05T01:40:35.698877,2026-06-05T01:40:35.698878,$2b$12$CFqCYG5oiNx7vJl6/DvPAOQX/OTP1C8L8fVz1YA3T7L.EeVlCxiK.
157,BS. Nguyễn Minh Sơn,nguyen.minh.son80@medibook.vn,0900000157,001090000157,Ung bướu / Tầm soát ung thư,CCHN-00157,31,Bằng Y khoa,5,approved,Generated seed data,2026-06-05T01:40:35.698907,2026-06-05T01:40:35.698908,$2b$12$CFqCYG5oiNx7vJl6/DvPAOQX/OTP1C8L8fVz1YA3T7L.EeVlCxiK.
158,BS. Nguyễn Minh Linh,nguyen.minh.linh38@medibook.vn,0900000158,001090000158,Phục hồi chức năng,CCHN-00158,13,Bằng Y khoa,4,approved,Generated seed data,2026-06-05T01:40:35.698937,2026-06-05T01:40:35.698938,$2b$12$CFqCYG5oiNx7vJl6/DvPAOQX/OTP1C8L8fVz1YA3T7L.EeVlCxiK.
159,BS. Vũ Đức Phong,vu.duc.phong68@medibook.vn,0900000159,001090000159,Răng Hàm Mặt,CCHN-00159,28,Bằng Y khoa,4,approved,Generated seed data,2026-06-05T01:40:35.698962,2026-06-05T01:40:35.698963,$2b$12$CFqCYG5oiNx7vJl6/DvPAOQX/OTP1C8L8fVz1YA3T7L.EeVlCxiK.
160,BS. Đỗ Hữu Khánh,do.huu.khanh85@medibook.vn,0900000160,001090000160,Nhi khoa,CCHN-00160,6,Bằng Y khoa,1,approved,Generated seed data,2026-06-05T01:40:35.698986,2026-06-05T01:40:35.698987,$2b$12$CFqCYG5oiNx7vJl6/DvPAOQX/OTP1C8L8fVz1YA3T7L.EeVlCxiK.
161,BS. Phạm Kim Huy,pham.kim.huy19@medibook.vn,0900000161,001090000161,Răng Hàm Mặt,CCHN-00161,12,Bằng Y khoa,4,approved,Generated seed data,2026-06-05T01:40:35.699009,2026-06-05T01:40:35.699010,$2b$12$CFqCYG5oiNx7vJl6/DvPAOQX/OTP1C8L8fVz1YA3T7L.EeVlCxiK.
162,BS. Hoàng Quang Thảo,hoang.quang.thao93@medibook.vn,0900000162,001090000162,Phục hồi chức năng,CCHN-00162,30,Bằng Y khoa,2,approved,Generated seed data,2026-06-05T01:40:35.699033,2026-06-05T01:40:35.699034,$2b$12$CFqCYG5oiNx7vJl6/DvPAOQX/OTP1C8L8fVz1YA3T7L.EeVlCxiK.
163,BS. Hồ Minh Minh,ho.minh.minh44@medibook.vn,0900000163,001090000163,Sản phụ khoa,CCHN-00163,27,Bằng Y khoa,1,approved,Generated seed data,2026-06-05T01:40:35.699104,2026-06-05T01:40:35.699106,$2b$12$CFqCYG5oiNx7vJl6/DvPAOQX/OTP1C8L8fVz1YA3T7L.EeVlCxiK.
164,BS. Phạm Quang Tâm,pham.quang.tam80@medibook.vn,0900000164,001090000164,Thận - Tiết niệu,CCHN-00164,28,Bằng Y khoa,4,approved,Generated seed data,2026-06-05T01:40:35.699140,2026-06-05T01:40:35.699141,$2b$12$CFqCYG5oiNx7vJl6/DvPAOQX/OTP1C8L8fVz1YA3T7L.EeVlCxiK.
165,BS. Ngô Thị Trang,ngo.thi.trang96@medibook.vn,0900000165,001090000165,Da liễu,CCHN-00165,20,Bằng Y khoa,5,approved,Generated seed data,2026-06-05T01:40:35.699167,2026-06-05T01:40:35.699168,$2b$12$CFqCYG5oiNx7vJl6/DvPAOQX/OTP1C8L8fVz1YA3T7L.EeVlCxiK.
166,BS. Đỗ Hữu Khánh,do.huu.khanh68@medibook.vn,0900000166,001090000166,Tai Mũi Họng,CCHN-00166,6,Bằng Y khoa,5,approved,Generated seed data,2026-06-05T01:40:35.699196,2026-06-05T01:40:35.699196,$2b$12$CFqCYG5oiNx7vJl6/DvPAOQX/OTP1C8L8fVz1YA3T7L.EeVlCxiK.
167,BS. Ngô Anh Phong,ngo.anh.phong38@medibook.vn,0900000167,001090000167,Tiêu hóa - Gan mật,CCHN-00167,19,Bằng Y khoa,4,approved,Generated seed data,2026-06-05T01:40:35.699222,2026-06-05T01:40:35.699223,$2b$12$CFqCYG5oiNx7vJl6/DvPAOQX/OTP1C8L8fVz1YA3T7L.EeVlCxiK.
168,BS. Đỗ Anh Sơn,do.anh.son82@medibook.vn,0900000168,001090000168,Hô hấp,CCHN-00168,14,Bằng Y khoa,2,approved,Generated seed data,2026-06-05T01:40:35.699251,2026-06-05T01:40:35.699252,$2b$12$CFqCYG5oiNx7vJl6/DvPAOQX/OTP1C8L8fVz1YA3T7L.EeVlCxiK.
169,BS. Phan Quốc Giang,phan.quoc.giang26@medibook.vn,0900000169,001090000169,Mắt,CCHN-00169,28,Bằng Y khoa,2,approved,Generated seed data,2026-06-05T01:40:35.699278,2026-06-05T01:40:35.699279,$2b$12$CFqCYG5oiNx7vJl6/DvPAOQX/OTP1C8L8fVz1YA3T7L.EeVlCxiK.
170,BS. Ngô Minh Lan,ngo.minh.lan92@medibook.vn,0900000170,001090000170,Ung bướu / Tầm soát ung thư,CCHN-00170,8,Bằng Y khoa,4,approved,Generated seed data,2026-06-05T01:40:35.699305,2026-06-05T01:40:35.699305,$2b$12$CFqCYG5oiNx7vJl6/DvPAOQX/OTP1C8L8fVz1YA3T7L.EeVlCxiK.
171,BS. Ngô Thanh Trang,ngo.thanh.trang55@medibook.vn,0900000171,001090000171,Dinh dưỡng,CCHN-00171,10,Bằng Y khoa,5,approved,Generated seed data,2026-06-05T01:40:35.699348,2026-06-05T01:40:35.699349,$2b$12$CFqCYG5oiNx7vJl6/DvPAOQX/OTP1C8L8fVz1YA3T7L.EeVlCxiK.
172,BS. Đỗ Thị Tuấn,do.thi.tuan68@medibook.vn,0900000172,001090000172,Phục hồi chức năng,CCHN-00172,31,Bằng Y khoa,1,approved,Generated seed data,2026-06-05T01:40:35.699383,2026-06-05T01:40:35.699384,$2b$12$CFqCYG5oiNx7vJl6/DvPAOQX/OTP1C8L8fVz1YA3T7L.EeVlCxiK.
173,BS. Vũ Quang Phương,vu.quang.phuong52@medibook.vn,0900000173,001090000173,Phục hồi chức năng,CCHN-00173,16,Bằng Y khoa,5,approved,Generated seed data,2026-06-05T01:40:35.699410,2026-06-05T01:40:35.699411,$2b$12$CFqCYG5oiNx7vJl6/DvPAOQX/OTP1C8L8fVz1YA3T7L.EeVlCxiK.
174,BS. Đặng Minh Yến,dặng.minh.yen24@medibook.vn,0900000174,001090000174,Nội tổng quát,CCHN-00174,29,Bằng Y khoa,3,approved,Generated seed data,2026-06-05T01:40:35.699437,2026-06-05T01:40:35.699438,$2b$12$CFqCYG5oiNx7vJl6/DvPAOQX/OTP1C8L8fVz1YA3T7L.EeVlCxiK.
175,BS. Đặng Hữu Nam,dặng.huu.nam72@medibook.vn,0900000175,001090000175,Dinh dưỡng,CCHN-00175,6,Bằng Y khoa,1,approved,Generated seed data,2026-06-05T01:40:35.699464,2026-06-05T01:40:35.699465,$2b$12$CFqCYG5oiNx7vJl6/DvPAOQX/OTP1C8L8fVz1YA3T7L.EeVlCxiK.
176,BS. Trần Đức Linh,tran.duc.linh37@medibook.vn,0900000176,001090000176,Cơ xương khớp,CCHN-00176,34,Bằng Y khoa,3,approved,Generated seed data,2026-06-05T01:40:35.699490,2026-06-05T01:40:35.699491,$2b$12$CFqCYG5oiNx7vJl6/DvPAOQX/OTP1C8L8fVz1YA3T7L.EeVlCxiK.
177,BS. Vũ Văn Minh,vu.van.minh58@medibook.vn,0900000177,001090000177,Ngoại thần kinh / Cột sống,CCHN-00177,14,Bằng Y khoa,5,approved,Generated seed data,2026-06-05T01:40:35.699513,2026-06-05T01:40:35.699514,$2b$12$CFqCYG5oiNx7vJl6/DvPAOQX/OTP1C8L8fVz1YA3T7L.EeVlCxiK.
178,BS. Đặng Văn Minh,dặng.van.minh40@medibook.vn,0900000178,001090000178,Nhi khoa,CCHN-00178,22,Bằng Y khoa,5,approved,Generated seed data,2026-06-05T01:40:35.699536,2026-06-05T01:40:35.699537,$2b$12$CFqCYG5oiNx7vJl6/DvPAOQX/OTP1C8L8fVz1YA3T7L.EeVlCxiK.
179,BS. Đỗ Anh Giang,do.anh.giang83@medibook.vn,0900000179,001090000179,Răng Hàm Mặt,CCHN-00179,29,Bằng Y khoa,2,approved,Generated seed data,2026-06-05T01:40:35.699559,2026-06-05T01:40:35.699560,$2b$12$CFqCYG5oiNx7vJl6/DvPAOQX/OTP1C8L8fVz1YA3T7L.EeVlCxiK.
180,BS. Nguyễn Thanh Phương,nguyen.thanh.phuong11@medibook.vn,0900000180,001090000180,Tim mạch,CCHN-00180,6,Bằng Y khoa,4,approved,Generated seed data,2026-06-05T01:40:35.699582,2026-06-05T01:40:35.699583,$2b$12$CFqCYG5oiNx7vJl6/DvPAOQX/OTP1C8L8fVz1YA3T7L.EeVlCxiK.
181,BS. Vũ Hữu Anh,vu.huu.anh61@medibook.vn,0900000181,001090000181,Răng Hàm Mặt,CCHN-00181,19,Bằng Y khoa,4,approved,Generated seed data,2026-06-05T01:40:35.699605,2026-06-05T01:40:35.699606,$2b$12$CFqCYG5oiNx7vJl6/DvPAOQX/OTP1C8L8fVz1YA3T7L.EeVlCxiK.
182,BS. Bùi Quốc Cường,bui.quoc.cuong62@medibook.vn,0900000182,001090000182,Ngoại thần kinh / Cột sống,CCHN-00182,35,Bằng Y khoa,4,approved,Generated seed data,2026-06-05T01:40:35.699628,2026-06-05T01:40:35.699629,$2b$12$CFqCYG5oiNx7vJl6/DvPAOQX/OTP1C8L8fVz1YA3T7L.EeVlCxiK.
183,BS. Dương Đức Huy,duong.duc.huy53@medibook.vn,0900000183,001090000183,Hô hấp,CCHN-00183,24,Bằng Y khoa,2,approved,Generated seed data,2026-06-05T01:40:35.699651,2026-06-05T01:40:35.699652,$2b$12$CFqCYG5oiNx7vJl6/DvPAOQX/OTP1C8L8fVz1YA3T7L.EeVlCxiK.
184,BS. Đặng Kim Hùng,dặng.kim.hung33@medibook.vn,0900000184,001090000184,Phục hồi chức năng,CCHN-00184,10,Bằng Y khoa,1,approved,Generated seed data,2026-06-05T01:40:35.699674,2026-06-05T01:40:35.699675,$2b$12$CFqCYG5oiNx7vJl6/DvPAOQX/OTP1C8L8fVz1YA3T7L.EeVlCxiK.
185,BS. Dương Thị Cường,duong.thi.cuong21@medibook.vn,0900000185,001090000185,Ngoại thần kinh / Cột sống,CCHN-00185,32,Bằng Y khoa,2,approved,Generated seed data,2026-06-05T01:40:35.699698,2026-06-05T01:40:35.699699,$2b$12$CFqCYG5oiNx7vJl6/DvPAOQX/OTP1C8L8fVz1YA3T7L.EeVlCxiK.
186,BS. Bùi Minh Trang,bui.minh.trang80@medibook.vn,0900000186,001090000186,Sản phụ khoa,CCHN-00186,16,Bằng Y khoa,5,approved,Generated seed data,2026-06-05T01:40:35.699725,2026-06-05T01:40:35.699726,$2b$12$CFqCYG5oiNx7vJl6/DvPAOQX/OTP1C8L8fVz1YA3T7L.EeVlCxiK.
187,BS. Hồ Kim Cường,ho.kim.cuong67@medibook.vn,0900000187,001090000187,Sản phụ khoa,CCHN-00187,29,Bằng Y khoa,2,approved,Generated seed data,2026-06-05T01:40:35.699750,2026-06-05T01:40:35.699751,$2b$12$CFqCYG5oiNx7vJl6/DvPAOQX/OTP1C8L8fVz1YA3T7L.EeVlCxiK.
188,BS. Nguyễn Hồng Tâm,nguyen.hong.tam62@medibook.vn,0900000188,001090000188,Tiêu hóa - Gan mật,CCHN-00188,33,Bằng Y khoa,4,approved,Generated seed data,2026-06-05T01:40:35.699775,2026-06-05T01:40:35.699776,$2b$12$CFqCYG5oiNx7vJl6/DvPAOQX/OTP1C8L8fVz1YA3T7L.EeVlCxiK.
189,BS. Đặng Văn Thảo,dặng.van.thao26@medibook.vn,0900000189,001090000189,Nội tổng quát,CCHN-00189,17,Bằng Y khoa,3,approved,Generated seed data,2026-06-05T01:40:35.699800,2026-06-05T01:40:35.699801,$2b$12$CFqCYG5oiNx7vJl6/DvPAOQX/OTP1C8L8fVz1YA3T7L.EeVlCxiK.
190,BS. Phạm Quốc Trang,pham.quoc.trang51@medibook.vn,0900000190,001090000190,Thận - Tiết niệu,CCHN-00190,16,Bằng Y khoa,2,approved,Generated seed data,2026-06-05T01:40:35.699825,2026-06-05T01:40:35.699826,$2b$12$CFqCYG5oiNx7vJl6/DvPAOQX/OTP1C8L8fVz1YA3T7L.EeVlCxiK.
191,BS. Nguyễn Quang Hùng,nguyen.quang.hung86@medibook.vn,0900000191,001090000191,Tai Mũi Họng,CCHN-00191,34,Bằng Y khoa,3,approved,Generated seed data,2026-06-05T01:40:35.699850,2026-06-05T01:40:35.699851,$2b$12$CFqCYG5oiNx7vJl6/DvPAOQX/OTP1C8L8fVz1YA3T7L.EeVlCxiK.
192,BS. Lý Kim Vy,ly.kim.vy77@medibook.vn,0900000192,001090000192,Răng Hàm Mặt,CCHN-00192,12,Bằng Y khoa,4,approved,Generated seed data,2026-06-05T01:40:35.699875,2026-06-05T01:40:35.699876,$2b$12$CFqCYG5oiNx7vJl6/DvPAOQX/OTP1C8L8fVz1YA3T7L.EeVlCxiK.
193,BS. Lý Đức Yến,ly.duc.yen60@medibook.vn,0900000193,001090000193,Răng Hàm Mặt,CCHN-00193,14,Bằng Y khoa,3,approved,Generated seed data,2026-06-05T01:40:35.699899,2026-06-05T01:40:35.699900,$2b$12$CFqCYG5oiNx7vJl6/DvPAOQX/OTP1C8L8fVz1YA3T7L.EeVlCxiK.
194,BS. Trần Đức Lan,tran.duc.lan86@medibook.vn,0900000194,001090000194,Mắt,CCHN-00194,3,Bằng Y khoa,3,approved,Generated seed data,2026-06-05T01:40:35.699929,2026-06-05T01:40:35.699930,$2b$12$CFqCYG5oiNx7vJl6/DvPAOQX/OTP1C8L8fVz1YA3T7L.EeVlCxiK.
195,BS. Lê Đức Phong,lc.duc.phong33@medibook.vn,0900000195,001090000195,Tiêu hóa - Gan mật,CCHN-00195,19,Bằng Y khoa,1,approved,Generated seed data,2026-06-05T01:40:35.699954,2026-06-05T01:40:35.699955,$2b$12$CFqCYG5oiNx7vJl6/DvPAOQX/OTP1C8L8fVz1YA3T7L.EeVlCxiK.
196,BS. Hoàng Văn Giang,hoang.van.giang85@medibook.vn,0900000196,001090000196,Nhi khoa,CCHN-00196,17,Bằng Y khoa,2,approved,Generated seed data,2026-06-05T01:40:35.699981,2026-06-05T01:40:35.700044,$2b$12$CFqCYG5oiNx7vJl6/DvPAOQX/OTP1C8L8fVz1YA3T7L.EeVlCxiK.
197,BS. Ngô Thanh Phong,ngo.thanh.phong68@medibook.vn,0900000197,001090000197,Y học cổ truyền,CCHN-00197,15,Bằng Y khoa,4,approved,Generated seed data,2026-06-05T01:40:35.700110,2026-06-05T01:40:35.700112,$2b$12$CFqCYG5oiNx7vJl6/DvPAOQX/OTP1C8L8fVz1YA3T7L.EeVlCxiK.
198,BS. Phan Hữu Tâm,phan.huu.tam95@medibook.vn,0900000198,001090000198,Răng Hàm Mặt,CCHN-00198,12,Bằng Y khoa,3,approved,Generated seed data,2026-06-05T01:40:35.700144,2026-06-05T01:40:35.700145,$2b$12$CFqCYG5oiNx7vJl6/DvPAOQX/OTP1C8L8fVz1YA3T7L.EeVlCxiK.
199,BS. Lê Hữu Hải,lc.huu.hai80@medibook.vn,0900000199,001090000199,Răng Hàm Mặt,CCHN-00199,4,Bằng Y khoa,3,approved,Generated seed data,2026-06-05T01:40:35.700177,2026-06-05T01:40:35.700179,$2b$12$CFqCYG5oiNx7vJl6/DvPAOQX/OTP1C8L8fVz1YA3T7L.EeVlCxiK.
200,BS. Phan Đức Linh,phan.duc.linh84@medibook.vn,0900000200,001090000200,Ngoại tổng quát,CCHN-00200,18,Bằng Y khoa,3,approved,Generated seed data,2026-06-05T01:40:35.700210,2026-06-05T01:40:35.700211,$2b$12$CFqCYG5oiNx7vJl6/DvPAOQX/OTP1C8L8fVz1YA3T7L.EeVlCxiK.
